customer_id,signup_month,age,tenure_months,region,channel,plan,sessions_week,avg_session_min,notif_click_rate,support_tickets_3m,discount_pct_3m,late_payments_6m,auto_renew,churn,engagement_minutes_week,tickets_per_tenure,late_payment_flag,high_discount_flag,early_tenure_flag,low_engagement_flag
C100000,10,71,49,South,web,Basic,4,10.11,0.318,0,0.138,0,1,0,40.44,0.0,0,0,0,1
C100002,10,56,51,South,web,Basic,6,12.1,0.12,0,0.001,1,1,0,72.6,0.0,1,0,0,0
C100007,13,30,19,North,app,Basic,7,9.74,0.058,1,0.138,0,0,0,68.18,0.05263157894736842,0,0,0,0
C100008,9,21,57,South,web,Plus,10,6.22,0.04,0,0.308,0,0,0,62.199999999999996,0.0,0,1,0,0
C100010,2,34,56,South,web,Plus,6,15.24,0.244,0,0.129,0,1,0,91.44,0.0,0,0,0,0
C100012,4,70,18,South,app,Plus,4,9.63,0.078,0,0.0,1,0,0,38.52,0.0,1,0,0,1
C100014,5,46,32,North,web,Basic,1,10.78,0.157,1,0.0,0,1,0,10.78,0.03125,0,0,0,1
C100015,7,64,13,East,web,Basic,2,15.93,0.301,0,0.0,0,1,0,31.86,0.0,0,0,0,1
C100017,13,63,1,East,app,Premium,8,11.04,0.052,0,0.188,0,1,0,88.32,0.0,0,0,1,0
C100021,3,35,62,East,app,Basic,8,12.57,0.078,0,0.197,0,0,0,100.56,0.0,0,0,0,0
C100026,2,74,37,South,web,Plus,7,13.34,0.255,1,0.162,1,0,0,93.38,0.02702702702702703,1,0,0,0
C100027,1,43,43,West,store,Basic,3,15.97,0.157,1,0.119,0,0,0,47.910000000000004,0.023255813953488372,0,0,0,1
C100028,4,45,71,East,web,Basic,8,14.28,0.0,2,0.156,0,0,0,114.24,0.028169014084507043,0,0,0,0
C100029,6,46,65,North,web,Basic,4,9.84,0.233,0,0.023,0,0,0,39.36,0.0,0,0,0,1
C100030,10,51,24,North,web,Basic,3,9.54,0.289,1,0.146,0,1,0,28.619999999999997,0.041666666666666664,0,0,0,1
C100031,7,49,18,Center,app,Basic,5,10.51,0.104,0,0.15,0,1,0,52.55,0.0,0,0,0,1
C100032,3,47,3,South,app,Basic,3,1.48,0.247,0,0.065,1,0,0,4.4399999999999995,0.0,1,0,1,1
C100033,7,74,32,South,web,Basic,2,15.23,0.06,0,0.0,0,1,0,30.46,0.0,0,0,0,1
C100037,10,53,16,North,web,Basic,7,9.34,0.309,1,0.087,0,0,0,65.38,0.0625,0,0,0,0
C100039,1,74,51,West,web,Plus,2,12.45,0.084,0,0.164,0,0,0,24.9,0.0,0,0,0,1
C100040,9,44,7,East,app,Plus,3,14.62,0.072,0,0.067,1,0,1,43.86,0.0,1,0,0,1
C100041,1,30,19,North,store,Plus,4,10.72,0.333,0,0.0,0,1,0,42.88,0.0,0,0,0,1
C100042,7,66,53,South,store,Basic,6,3.86,0.037,2,0.162,1,0,0,23.16,0.03773584905660377,1,0,0,1
C100044,13,66,15,South,app,Basic,8,18.86,0.146,2,0.0,0,0,1,150.88,0.13333333333333333,0,0,0,0
C100047,1,20,31,East,web,Premium,5,13.63,0.156,0,0.0,1,1,0,68.15,0.0,1,0,0,0
C100049,11,20,71,West,store,Basic,7,12.78,0.238,1,0.014,0,0,0,89.46,0.014084507042253521,0,0,0,0
C100051,3,47,45,North,web,Basic,6,9.18,0.299,1,0.065,0,0,1,55.08,0.022222222222222223,0,0,0,0
C100052,5,73,26,South,web,Premium,3,7.5,0.124,0,0.0,1,1,0,22.5,0.0,1,0,0,1
C100053,10,44,54,West,web,Premium,5,12.51,0.165,0,0.189,0,0,1,62.55,0.0,0,0,0,0
C100054,9,64,45,Center,store,Plus,5,9.22,0.011,1,0.119,2,1,0,46.1,0.022222222222222223,1,0,0,1
C100057,11,53,9,North,web,Basic,4,16.11,0.087,0,0.215,0,1,1,64.44,0.0,0,1,0,0
C100058,1,43,71,Center,app,Plus,7,14.24,0.196,0,0.062,0,0,0,99.68,0.0,0,0,0,0
C100059,2,47,51,Center,web,Basic,7,14.5,0.209,0,0.253,0,1,0,101.5,0.0,0,1,0,0
C100060,11,33,24,West,store,Plus,4,3.83,0.236,0,0.31,0,1,0,15.32,0.0,0,1,0,1
C100067,12,28,5,West,app,Plus,8,14.46,0.118,1,0.144,0,1,1,115.68,0.2,0,0,1,0
C100069,9,57,64,South,app,Premium,5,10.93,0.235,0,0.19,1,1,0,54.65,0.0,1,0,0,1
C100070,8,68,29,North,web,Premium,10,11.46,0.287,0,0.097,0,1,0,114.60000000000001,0.0,0,0,0,0
C100072,5,59,3,South,app,Basic,4,6.79,0.203,0,0.046,0,0,1,27.16,0.0,0,0,1,1
C100076,6,53,39,Center,web,Basic,5,14.04,0.0,0,0.2,0,0,0,70.19999999999999,0.0,0,1,0,0
C100078,8,55,52,West,web,Basic,6,7.64,0.197,0,0.0,0,0,0,45.839999999999996,0.0,0,0,0,1
C100079,1,26,18,South,web,Plus,5,8.13,0.057,1,0.008,1,1,0,40.650000000000006,0.05555555555555555,1,0,0,1
C100080,1,48,50,West,app,Basic,4,14.09,0.261,0,0.13,0,1,0,56.36,0.0,0,0,0,0
C100081,4,33,48,North,app,Basic,8,12.09,0.177,2,0.093,0,0,0,96.72,0.041666666666666664,0,0,0,0
C100082,8,72,2,South,web,Plus,6,13.11,0.191,1,0.286,0,0,0,78.66,0.5,0,1,1,0
C100085,5,47,39,South,store,Basic,5,9.49,0.315,0,0.0,0,0,0,47.45,0.0,0,0,0,1
C100088,5,58,55,North,store,Basic,5,4.0,0.055,1,0.092,0,0,0,20.0,0.01818181818181818,0,0,0,1
C100092,13,44,17,Center,app,Premium,5,11.96,0.045,1,0.065,0,1,0,59.800000000000004,0.058823529411764705,0,0,0,0
C100093,6,23,60,Center,app,Basic,2,3.22,0.186,0,0.137,0,1,1,6.44,0.0,0,0,0,1
C100094,9,31,9,East,app,Basic,8,15.1,0.254,1,0.0,0,1,1,120.8,0.1111111111111111,0,0,0,0
C100095,4,48,16,South,web,Premium,3,16.74,0.256,1,0.112,0,0,0,50.22,0.0625,0,0,0,1
C100098,1,52,22,West,app,Premium,2,17.59,0.171,0,0.069,0,1,0,35.18,0.0,0,0,0,1
C100100,5,57,57,South,app,Basic,3,11.94,0.248,1,0.0,0,1,0,35.82,0.017543859649122806,0,0,0,1
C100103,11,52,42,West,app,Premium,6,10.12,0.308,0,0.187,0,0,0,60.72,0.0,0,0,0,0
C100104,5,24,65,North,web,Basic,4,17.67,0.082,0,0.163,0,0,0,70.68,0.0,0,0,0,0
C100106,6,55,66,East,web,Plus,5,1.93,0.462,1,0.29,0,0,0,9.65,0.015151515151515152,0,1,0,1
C100107,11,40,61,North,app,Basic,5,6.73,0.056,0,0.282,0,0,0,33.650000000000006,0.0,0,1,0,1
C100110,1,30,44,North,web,Basic,8,6.07,0.106,0,0.0,0,0,0,48.56,0.0,0,0,0,1
C100111,6,26,63,Center,app,Plus,5,11.63,0.0,0,0.151,1,0,0,58.150000000000006,0.0,1,0,0,0
C100113,9,64,32,North,web,Plus,7,13.99,0.148,0,0.025,2,0,0,97.93,0.0,1,0,0,0
C100114,8,40,24,South,web,Premium,7,7.13,0.056,0,0.021,0,1,0,49.91,0.0,0,0,0,1
C100115,13,39,11,Center,app,Premium,4,13.86,0.077,1,0.121,0,0,0,55.44,0.09090909090909091,0,0,0,0
C100116,12,50,5,North,app,Basic,10,16.23,0.277,0,0.238,0,1,0,162.3,0.0,0,1,1,0
C100117,6,73,68,East,store,Plus,6,9.64,0.169,0,0.036,0,1,0,57.84,0.0,0,0,0,0
C100118,10,40,49,Center,app,Basic,1,6.49,0.339,0,0.139,0,1,0,6.49,0.0,0,0,0,1
C100122,1,43,10,North,app,Basic,7,9.46,0.073,0,0.095,0,0,0,66.22,0.0,0,0,0,0
C100126,5,72,28,Center,store,Plus,2,11.84,0.0,0,0.0,1,0,1,23.68,0.0,1,0,0,1
C100128,5,50,14,North,app,Basic,2,10.56,0.132,0,0.106,0,1,1,21.12,0.0,0,0,0,1
C100129,5,43,30,South,web,Plus,4,15.54,0.129,1,0.042,0,1,0,62.16,0.03333333333333333,0,0,0,0
C100130,8,38,49,North,web,Basic,5,12.0,0.424,0,0.233,0,0,0,60.0,0.0,0,1,0,0
C100131,1,31,16,North,app,Premium,3,9.71,0.346,0,0.101,0,0,1,29.130000000000003,0.0,0,0,0,1
C100133,13,40,62,Center,web,Basic,6,17.19,0.114,0,0.186,0,0,0,103.14000000000001,0.0,0,0,0,0
C100134,13,65,1,North,store,Basic,4,14.89,0.165,4,0.05,1,1,1,59.56,4.0,1,0,1,0
C100137,10,73,45,East,web,Plus,4,4.26,0.081,1,0.201,0,0,0,17.04,0.022222222222222223,0,1,0,1
C100138,2,72,20,Center,web,Basic,7,13.88,0.091,0,0.258,0,0,1,97.16000000000001,0.0,0,1,0,0
C100141,3,56,13,South,web,Plus,4,18.04,0.217,0,0.0,1,1,1,72.16,0.0,1,0,0,0
C100142,8,18,52,East,app,Plus,6,15.46,0.203,0,0.088,1,0,0,92.76,0.0,1,0,0,0
C100143,5,35,61,Center,app,Premium,7,9.86,0.411,0,0.084,0,0,0,69.02,0.0,0,0,0,0
C100147,6,55,53,East,web,Premium,3,10.97,0.163,0,0.038,0,1,0,32.910000000000004,0.0,0,0,0,1
C100149,5,25,71,East,app,Basic,3,23.75,0.0,0,0.0,0,1,0,71.25,0.0,0,0,0,0
C100150,1,66,17,North,web,Plus,5,13.2,0.001,0,0.0,0,0,1,66.0,0.0,0,0,0,0
C100151,13,66,40,Center,app,Plus,7,14.17,0.401,0,0.0,0,1,0,99.19,0.0,0,0,0,0
C100154,7,52,25,North,web,Basic,6,15.59,0.257,0,0.312,0,1,0,93.53999999999999,0.0,0,1,0,0
C100158,10,34,23,Center,web,Plus,5,19.29,0.313,0,0.029,1,0,0,96.44999999999999,0.0,1,0,0,0
C100159,6,26,37,South,app,Basic,3,14.07,0.185,0,0.066,0,1,0,42.21,0.0,0,0,0,1
C100163,3,70,41,Center,store,Plus,8,5.79,0.23,0,0.248,0,1,0,46.32,0.0,0,1,0,1
C100164,5,31,53,Center,app,Plus,5,8.76,0.111,0,0.025,0,1,0,43.8,0.0,0,0,0,1
C100166,1,20,41,West,web,Basic,10,15.51,0.196,0,0.006,0,1,0,155.1,0.0,0,0,0,0
C100167,5,28,58,West,web,Plus,4,8.94,0.364,0,0.0,0,0,0,35.76,0.0,0,0,0,1
C100169,11,68,30,North,web,Basic,3,18.14,0.243,0,0.0,1,0,0,54.42,0.0,1,0,0,1
C100171,8,54,59,Center,app,Plus,4,16.56,0.191,1,0.176,0,0,0,66.24,0.01694915254237288,0,0,0,0
C100173,12,50,62,East,app,Premium,6,10.55,0.0,0,0.081,0,0,1,63.300000000000004,0.0,0,0,0,0
C100175,3,39,55,North,web,Basic,4,11.63,0.246,0,0.146,0,1,0,46.52,0.0,0,0,0,1
C100176,13,74,70,West,web,Premium,4,16.69,0.073,0,0.15,0,1,0,66.76,0.0,0,0,0,0
C100177,2,41,40,Center,store,Basic,7,6.36,0.16,0,0.125,0,1,0,44.52,0.0,0,0,0,1
C100178,11,30,55,East,app,Premium,1,13.44,0.206,0,0.08,0,0,0,13.44,0.0,0,0,0,1
C100181,7,20,35,Center,web,Basic,1,7.14,0.126,0,0.144,0,0,0,7.14,0.0,0,0,0,1
C100183,11,67,8,North,web,Plus,3,6.65,0.301,0,0.203,0,0,1,19.950000000000003,0.0,0,1,0,1
C100184,4,50,8,North,web,Plus,2,12.39,0.11,0,0.084,0,0,1,24.78,0.0,0,0,0,1
C100185,4,44,20,Center,web,Basic,7,7.27,0.135,0,0.106,0,0,0,50.89,0.0,0,0,0,1
C100186,13,61,71,Center,app,Plus,2,7.52,0.165,0,0.0,0,0,0,15.04,0.0,0,0,0,1
C100188,8,45,14,West,app,Premium,7,14.02,0.201,0,0.004,0,0,0,98.14,0.0,0,0,0,0
C100189,11,36,27,East,web,Basic,8,8.81,0.284,0,0.057,0,0,1,70.48,0.0,0,0,0,0
C100191,8,60,31,Center,web,Basic,6,15.0,0.055,0,0.106,0,1,0,90.0,0.0,0,0,0,0
C100197,11,19,7,Center,app,Basic,8,11.75,0.44,0,0.202,0,1,0,94.0,0.0,0,1,0,0
C100198,3,69,49,Center,web,Premium,4,4.16,0.247,0,0.011,1,0,1,16.64,0.0,1,0,0,1
C100200,13,41,14,Center,app,Plus,5,16.85,0.141,2,0.0,0,0,1,84.25,0.14285714285714285,0,0,0,0
C100201,12,73,48,South,app,Plus,3,13.67,0.0,0,0.0,1,1,0,41.01,0.0,1,0,0,1
C100202,4,24,57,West,web,Basic,3,13.26,0.179,0,0.0,0,0,0,39.78,0.0,0,0,0,1
C100203,1,55,24,South,app,Basic,4,15.95,0.169,0,0.158,1,1,1,63.8,0.0,1,0,0,0
C100204,1,59,35,North,web,Basic,3,4.78,0.143,0,0.0,0,0,0,14.34,0.0,0,0,0,1
C100205,12,42,33,Center,web,Basic,3,10.33,0.056,0,0.0,1,1,0,30.990000000000002,0.0,1,0,0,1
C100209,10,67,45,South,store,Premium,3,10.64,0.23,1,0.093,0,0,0,31.92,0.022222222222222223,0,0,0,1
C100211,12,37,58,East,app,Basic,8,10.01,0.343,0,0.022,1,0,0,80.08,0.0,1,0,0,0
C100213,9,51,55,East,web,Basic,2,21.17,0.153,0,0.164,2,1,0,42.34,0.0,1,0,0,1
C100215,12,56,68,North,store,Plus,4,16.98,0.292,1,0.253,0,0,0,67.92,0.014705882352941176,0,1,0,0
C100217,5,38,5,North,app,Premium,8,13.08,0.165,0,0.0,0,0,0,104.64,0.0,0,0,1,0
C100219,12,47,28,North,app,Basic,9,15.16,0.048,0,0.037,0,0,0,136.44,0.0,0,0,0,0
C100220,8,48,3,North,app,Basic,4,13.96,0.132,0,0.079,0,1,1,55.84,0.0,0,0,1,0
C100221,6,61,68,West,web,Plus,5,7.86,0.287,0,0.098,0,1,0,39.300000000000004,0.0,0,0,0,1
C100225,12,26,68,West,app,Premium,2,15.6,0.153,0,0.192,0,0,0,31.2,0.0,0,0,0,1
C100226,12,41,34,North,app,Basic,6,14.07,0.332,0,0.0,0,1,0,84.42,0.0,0,0,0,0
C100227,6,71,14,East,app,Basic,1,17.27,0.109,0,0.0,0,1,1,17.27,0.0,0,0,0,1
C100229,2,18,5,Center,app,Basic,2,3.26,0.026,1,0.0,0,0,0,6.52,0.2,0,0,1,1
C100230,11,50,5,North,app,Premium,4,6.22,0.486,1,0.06,0,0,0,24.88,0.2,0,0,1,1
C100231,5,60,64,North,web,Plus,5,11.92,0.084,1,0.153,0,0,0,59.6,0.015625,0,0,0,0
C100234,9,54,69,South,app,Premium,5,9.77,0.188,1,0.074,0,0,0,48.849999999999994,0.014492753623188406,0,0,0,1
C100235,2,25,37,West,app,Basic,5,12.56,0.169,0,0.067,0,1,0,62.800000000000004,0.0,0,0,0,0
C100238,8,66,52,North,app,Basic,1,17.05,0.3,0,0.0,0,0,0,17.05,0.0,0,0,0,1
C100242,5,67,28,Center,web,Basic,3,8.19,0.224,0,0.291,0,1,0,24.57,0.0,0,1,0,1
C100244,2,45,39,East,store,Plus,4,5.34,0.28,0,0.073,0,0,1,21.36,0.0,0,0,0,1
C100245,2,63,18,Center,app,Plus,7,18.23,0.147,0,0.13,0,0,0,127.61,0.0,0,0,0,0
C100246,11,72,67,North,web,Plus,7,16.09,0.253,0,0.032,1,1,0,112.63,0.0,1,0,0,0
C100247,7,47,17,East,app,Premium,11,16.08,0.161,0,0.0,0,1,0,176.88,0.0,0,0,0,0
C100249,3,59,37,West,web,Plus,1,13.92,0.277,0,0.0,0,1,0,13.92,0.0,0,0,0,1
C100252,13,28,49,Center,app,Plus,6,16.07,0.0,0,0.147,0,0,1,96.42,0.0,0,0,0,0
C100253,11,29,63,North,store,Basic,6,14.06,0.157,1,0.174,0,0,0,84.36,0.015873015873015872,0,0,0,0
C100255,8,38,4,Center,web,Basic,6,11.13,0.177,0,0.194,0,0,0,66.78,0.0,0,0,1,0
C100256,9,24,53,East,web,Premium,3,1.77,0.079,0,0.153,0,1,0,5.3100000000000005,0.0,0,0,0,1
C100257,12,28,4,Center,store,Plus,7,14.25,0.226,0,0.15,0,0,1,99.75,0.0,0,0,1,0
C100263,11,50,56,North,app,Plus,8,14.38,0.284,0,0.134,0,1,0,115.04,0.0,0,0,0,0
C100264,11,74,18,North,store,Basic,4,8.09,0.294,0,0.025,0,0,0,32.36,0.0,0,0,0,1
C100265,13,37,35,Center,app,Plus,6,8.17,0.347,0,0.064,0,0,0,49.019999999999996,0.0,0,0,0,1
C100266,2,25,15,West,web,Basic,4,16.59,0.37,0,0.015,0,1,0,66.36,0.0,0,0,0,0
C100267,13,33,44,West,store,Premium,4,7.71,0.192,1,0.053,0,1,0,30.84,0.022727272727272728,0,0,0,1
C100271,8,43,2,West,app,Plus,5,13.3,0.329,0,0.0,0,0,1,66.5,0.0,0,0,1,0
C100272,1,29,15,South,app,Basic,2,11.0,0.178,1,0.144,0,0,0,22.0,0.06666666666666667,0,0,0,1
C100273,13,73,18,South,store,Basic,4,1.0,0.297,0,0.006,1,1,0,4.0,0.0,1,0,0,1
C100274,2,27,28,East,web,Plus,6,11.99,0.143,0,0.119,0,0,0,71.94,0.0,0,0,0,0
C100275,8,47,71,Center,app,Basic,3,6.42,0.209,0,0.263,0,0,0,19.259999999999998,0.0,0,1,0,1
C100277,13,47,24,East,app,Premium,4,1.0,0.426,0,0.181,1,0,0,4.0,0.0,1,0,0,1
C100278,4,69,61,East,web,Plus,9,17.45,0.381,0,0.197,0,1,0,157.04999999999998,0.0,0,0,0,0
C100279,4,69,68,North,app,Plus,9,12.57,0.005,1,0.0,0,0,1,113.13,0.014705882352941176,0,0,0,0
C100280,1,61,21,East,app,Basic,7,8.72,0.218,1,0.246,0,0,0,61.040000000000006,0.047619047619047616,0,1,0,0
C100282,13,50,10,South,store,Premium,6,12.38,0.201,0,0.141,1,0,0,74.28,0.0,1,0,0,0
C100284,9,65,38,West,store,Premium,7,8.59,0.156,1,0.19,0,0,0,60.129999999999995,0.02631578947368421,0,0,0,0
C100285,3,42,1,North,app,Basic,8,11.22,0.261,0,0.125,0,1,1,89.76,0.0,0,0,1,0
C100287,4,68,16,West,web,Plus,7,15.49,0.468,0,0.126,1,1,0,108.43,0.0,1,0,0,0
C100291,11,70,32,South,app,Basic,7,15.64,0.05,0,0.035,1,0,0,109.48,0.0,1,0,0,0
C100292,5,23,49,North,web,Plus,7,14.02,0.104,0,0.141,0,0,0,98.14,0.0,0,0,0,0
C100293,3,21,32,Center,web,Basic,4,10.3,0.147,0,0.183,0,1,0,41.2,0.0,0,0,0,1
C100295,1,42,39,East,web,Plus,11,12.02,0.206,0,0.121,0,0,0,132.22,0.0,0,0,0,0
C100296,4,27,54,North,web,Plus,9,17.01,0.2,1,0.129,0,0,1,153.09,0.018518518518518517,0,0,0,0
C100297,3,47,34,South,store,Plus,6,8.62,0.176,0,0.109,0,1,0,51.72,0.0,0,0,0,1
C100298,3,48,43,East,app,Premium,4,14.44,0.294,1,0.225,0,1,0,57.76,0.023255813953488372,0,1,0,0
C100301,9,32,19,Center,store,Basic,5,13.27,0.234,0,0.151,1,0,1,66.35,0.0,1,0,0,0
C100303,2,63,69,East,web,Basic,3,6.89,0.023,0,0.043,1,0,0,20.669999999999998,0.0,1,0,0,1
C100304,3,56,10,North,web,Plus,3,19.08,0.119,0,0.0,0,1,0,57.239999999999995,0.0,0,0,0,0
C100308,13,25,63,Center,app,Plus,5,16.08,0.281,0,0.0,0,0,0,80.39999999999999,0.0,0,0,0,0
C100311,13,73,51,Center,app,Basic,3,12.21,0.135,0,0.146,0,0,0,36.63,0.0,0,0,0,1
C100312,6,34,3,Center,app,Premium,6,10.11,0.276,1,0.237,0,0,1,60.66,0.3333333333333333,0,1,1,0
C100313,5,36,24,West,app,Basic,4,10.98,0.166,1,0.277,0,1,1,43.92,0.041666666666666664,0,1,0,1
C100315,1,40,27,Center,store,Premium,2,14.65,0.244,0,0.091,0,1,0,29.3,0.0,0,0,0,1
C100320,11,44,62,South,web,Premium,8,14.49,0.021,0,0.026,0,1,0,115.92,0.0,0,0,0,0
C100321,3,30,24,East,app,Plus,7,11.58,0.127,0,0.012,1,0,0,81.06,0.0,1,0,0,0
C100322,5,35,33,East,web,Basic,4,11.04,0.085,1,0.0,1,0,1,44.16,0.030303030303030304,1,0,0,1
C100323,10,70,7,East,store,Premium,1,10.36,0.019,0,0.0,0,1,0,10.36,0.0,0,0,0,1
C100324,9,64,57,West,app,Premium,5,12.29,0.341,0,0.101,0,1,0,61.449999999999996,0.0,0,0,0,0
C100326,9,51,32,Center,store,Basic,11,10.24,0.242,2,0.001,0,0,0,112.64,0.0625,0,0,0,0
C100327,9,24,63,Center,web,Basic,5,6.17,0.047,0,0.061,0,1,0,30.85,0.0,0,0,0,1
C100328,11,60,66,West,app,Premium,6,19.11,0.123,0,0.216,1,1,0,114.66,0.0,1,1,0,0
C100331,2,45,9,Center,app,Basic,1,12.43,0.209,0,0.0,0,0,0,12.43,0.0,0,0,0,1
C100333,11,51,43,West,web,Plus,0,20.43,0.0,0,0.108,0,1,0,0.0,0.0,0,0,0,1
C100337,9,35,43,South,store,Basic,6,16.68,0.216,1,0.14,0,0,0,100.08,0.023255813953488372,0,0,0,0
C100338,10,25,53,East,app,Basic,8,13.04,0.116,1,0.365,0,1,0,104.32,0.018867924528301886,0,1,0,0
C100339,12,72,11,West,app,Basic,3,5.75,0.058,0,0.058,1,0,0,17.25,0.0,1,0,0,1
C100342,9,31,27,South,app,Basic,7,13.72,0.28,0,0.113,1,0,1,96.04,0.0,1,0,0,0
C100344,6,41,34,South,app,Basic,9,7.25,0.003,0,0.018,0,1,0,65.25,0.0,0,0,0,0
C100346,4,23,44,South,store,Basic,8,9.74,0.125,0,0.079,0,1,0,77.92,0.0,0,0,0,0
C100347,9,28,69,East,app,Basic,3,9.06,0.108,0,0.107,0,0,0,27.18,0.0,0,0,0,1
C100348,5,59,34,North,app,Plus,3,8.64,0.258,0,0.146,1,1,0,25.92,0.0,1,0,0,1
C100350,9,56,33,North,app,Premium,9,19.53,0.219,0,0.418,0,0,0,175.77,0.0,0,1,0,0
C100351,4,41,10,Center,app,Basic,8,10.45,0.101,0,0.185,0,1,0,83.6,0.0,0,0,0,0
C100352,13,18,39,Center,web,Plus,8,2.99,0.198,1,0.122,0,0,0,23.92,0.02564102564102564,0,0,0,1
C100356,1,69,12,East,app,Plus,5,7.23,0.236,0,0.0,0,0,0,36.150000000000006,0.0,0,0,0,1
C100358,12,65,36,East,app,Premium,4,11.47,0.202,2,0.067,0,0,0,45.88,0.05555555555555555,0,0,0,1
C100360,5,70,55,East,app,Plus,2,13.27,0.314,0,0.016,0,1,0,26.54,0.0,0,0,0,1
C100362,5,57,33,Center,app,Plus,4,7.58,0.112,0,0.094,0,0,0,30.32,0.0,0,0,0,1
C100365,3,68,42,Center,web,Plus,1,7.55,0.082,0,0.213,0,1,0,7.55,0.0,0,1,0,1
C100368,13,64,14,South,web,Plus,3,4.33,0.028,0,0.013,1,1,0,12.99,0.0,1,0,0,1
C100369,6,70,69,East,store,Premium,7,13.43,0.221,0,0.007,0,1,0,94.00999999999999,0.0,0,0,0,0
C100371,4,20,65,West,app,Basic,8,8.9,0.239,0,0.045,0,1,0,71.2,0.0,0,0,0,0
C100372,7,27,22,South,app,Premium,2,11.48,0.025,2,0.086,0,0,1,22.96,0.09090909090909091,0,0,0,1
C100373,13,19,25,Center,web,Basic,7,18.41,0.038,2,0.0,0,1,0,128.87,0.08,0,0,0,0
C100376,11,32,70,Center,app,Premium,5,18.05,0.053,0,0.06,0,1,1,90.25,0.0,0,0,0,0
C100377,7,32,9,Center,web,Basic,2,7.0,0.261,0,0.219,0,0,0,14.0,0.0,0,1,0,1
C100378,2,58,43,Center,app,Basic,4,15.74,0.039,0,0.07,1,1,0,62.96,0.0,1,0,0,0
C100379,11,32,37,South,web,Premium,7,16.37,0.194,0,0.1,0,0,0,114.59,0.0,0,0,0,0
C100381,3,28,6,South,web,Basic,4,12.78,0.11,0,0.0,0,1,1,51.12,0.0,0,0,0,1
C100382,3,73,31,Center,web,Plus,6,14.79,0.145,0,0.01,0,0,1,88.74,0.0,0,0,0,0
C100386,4,35,70,South,web,Basic,5,10.6,0.065,0,0.053,0,1,0,53.0,0.0,0,0,0,1
C100387,4,51,22,North,app,Premium,5,9.23,0.164,0,0.055,1,1,0,46.150000000000006,0.0,1,0,0,1
C100394,7,43,11,East,app,Plus,3,13.3,0.096,0,0.174,0,0,0,39.900000000000006,0.0,0,0,0,1
C100395,5,35,8,Center,app,Premium,5,14.16,0.269,1,0.0,0,0,1,70.8,0.125,0,0,0,0
C100396,13,50,70,North,web,Basic,5,14.54,0.261,1,0.0,0,0,0,72.69999999999999,0.014285714285714285,0,0,0,0
C100398,6,66,67,South,web,Basic,5,14.35,0.0,0,0.0,0,1,0,71.75,0.0,0,0,0,0
C100399,7,48,48,North,store,Premium,3,5.99,0.216,0,0.075,0,1,1,17.97,0.0,0,0,0,1
C100403,6,55,52,South,web,Plus,7,11.91,0.077,0,0.057,0,1,0,83.37,0.0,0,0,0,0
C100406,6,31,28,Center,app,Plus,5,10.38,0.241,1,0.0,0,1,1,51.900000000000006,0.03571428571428571,0,0,0,1
C100408,1,61,10,North,store,Basic,7,14.78,0.21,0,0.17,0,1,0,103.46,0.0,0,0,0,0
C100409,12,50,53,North,app,Plus,2,14.67,0.027,1,0.0,0,0,1,29.34,0.018867924528301886,0,0,0,1
C100411,7,20,6,West,app,Basic,0,8.74,0.214,0,0.0,0,0,1,0.0,0.0,0,0,0,1
C100415,8,72,53,Center,app,Premium,2,16.4,0.313,0,0.232,1,0,0,32.8,0.0,1,1,0,1
C100416,12,69,17,West,app,Plus,4,13.16,0.045,0,0.126,0,1,0,52.64,0.0,0,0,0,1
C100419,8,20,38,East,app,Plus,4,5.48,0.376,0,0.122,0,0,0,21.92,0.0,0,0,0,1
C100420,8,50,51,Center,app,Plus,2,17.82,0.267,1,0.264,0,1,0,35.64,0.0196078431372549,0,1,0,1
C100421,8,37,19,East,app,Basic,6,14.22,0.064,1,0.008,0,0,0,85.32000000000001,0.05263157894736842,0,0,0,0
C100426,4,35,24,South,web,Basic,4,10.88,0.094,0,0.0,0,0,1,43.52,0.0,0,0,0,1
C100427,4,53,47,West,app,Basic,6,13.5,0.232,0,0.0,0,0,0,81.0,0.0,0,0,0,0
C100428,8,25,21,North,web,Premium,4,12.29,0.162,0,0.167,0,0,1,49.16,0.0,0,0,0,1
C100430,9,35,47,West,store,Plus,3,18.37,0.188,0,0.104,0,1,0,55.11,0.0,0,0,0,0
C100432,1,55,6,North,store,Plus,8,12.64,0.19,0,0.082,0,1,1,101.12,0.0,0,0,0,0
C100433,5,67,58,North,store,Plus,4,4.58,0.111,0,0.0,0,1,1,18.32,0.0,0,0,0,1
C100436,2,35,43,East,web,Basic,6,14.12,0.022,1,0.304,0,1,0,84.72,0.023255813953488372,0,1,0,0
C100437,8,25,32,North,store,Plus,0,13.85,0.186,1,0.066,0,1,0,0.0,0.03125,0,0,0,1
C100439,3,61,62,North,web,Plus,5,13.68,0.208,0,0.138,0,0,0,68.4,0.0,0,0,0,0
C100440,9,60,28,South,app,Basic,11,10.76,0.093,0,0.0,0,0,0,118.36,0.0,0,0,0,0
C100443,11,29,70,South,web,Premium,5,11.18,0.239,0,0.201,0,0,0,55.9,0.0,0,1,0,0
C100445,11,50,48,East,web,Basic,6,13.98,0.161,0,0.064,1,0,0,83.88,0.0,1,0,0,0
C100446,10,40,70,Center,web,Basic,5,7.26,0.098,2,0.174,0,0,0,36.3,0.02857142857142857,0,0,0,1
C100448,8,33,3,South,app,Basic,2,8.31,0.288,0,0.055,1,1,1,16.62,0.0,1,0,1,1
C100449,7,52,40,Center,app,Basic,4,13.63,0.298,1,0.045,1,1,0,54.52,0.025,1,0,0,1
C100450,6,63,23,Center,web,Plus,4,11.96,0.004,0,0.0,0,0,1,47.84,0.0,0,0,0,1
C100457,4,64,34,West,web,Premium,2,8.36,0.067,1,0.03,1,0,0,16.72,0.029411764705882353,1,0,0,1
C100459,2,63,43,West,app,Plus,7,6.02,0.215,0,0.017,1,0,0,42.14,0.0,1,0,0,1
C100461,6,36,5,Center,store,Basic,2,9.16,0.17,0,0.141,0,0,1,18.32,0.0,0,0,1,1
C100464,13,35,4,North,app,Basic,1,10.63,0.328,0,0.066,0,0,0,10.63,0.0,0,0,1,1
C100466,9,44,60,North,web,Basic,4,7.14,0.118,0,0.02,0,0,0,28.56,0.0,0,0,0,1
C100467,6,68,67,South,store,Basic,9,9.09,0.111,0,0.042,0,0,0,81.81,0.0,0,0,0,0
C100468,5,25,39,North,web,Premium,5,19.47,0.08,0,0.176,0,1,0,97.35,0.0,0,0,0,0
C100471,11,19,34,Center,app,Plus,7,12.19,0.0,0,0.022,1,1,0,85.33,0.0,1,0,0,0
C100473,7,55,65,Center,app,Premium,6,10.38,0.183,0,0.098,0,1,1,62.28,0.0,0,0,0,0
C100476,5,27,4,North,app,Plus,4,13.32,0.0,0,0.0,0,0,1,53.28,0.0,0,0,1,1
C100477,9,50,60,West,app,Basic,4,4.71,0.106,0,0.0,2,0,0,18.84,0.0,1,0,0,1
C100479,3,71,30,South,app,Basic,7,7.55,0.251,0,0.073,0,0,0,52.85,0.0,0,0,0,1
C100480,3,69,4,West,app,Basic,3,20.73,0.194,0,0.0,0,1,0,62.19,0.0,0,0,1,0
C100481,4,39,24,West,store,Premium,7,11.54,0.079,0,0.196,0,1,0,80.78,0.0,0,0,0,0
C100485,6,44,16,Center,web,Plus,10,9.45,0.15,0,0.146,0,1,1,94.5,0.0,0,0,0,0
C100487,13,55,31,Center,app,Basic,5,11.48,0.043,0,0.0,0,1,1,57.400000000000006,0.0,0,0,0,0
C100488,13,51,11,North,app,Basic,3,13.77,0.176,0,0.118,0,0,1,41.31,0.0,0,0,0,1
C100489,13,23,12,North,web,Basic,7,12.31,0.0,0,0.182,1,1,1,86.17,0.0,1,0,0,0
C100490,1,51,19,East,web,Plus,6,8.86,0.049,0,0.012,0,1,0,53.16,0.0,0,0,0,1
C100491,10,39,59,North,web,Basic,5,14.69,0.096,0,0.022,0,1,0,73.45,0.0,0,0,0,0
C100493,2,25,70,Center,store,Premium,6,12.61,0.173,0,0.074,0,0,0,75.66,0.0,0,0,0,0
C100494,12,28,54,South,app,Basic,2,7.99,0.266,2,0.057,0,1,0,15.98,0.037037037037037035,0,0,0,1
C100495,12,55,7,South,app,Basic,4,4.23,0.299,0,0.062,0,1,1,16.92,0.0,0,0,0,1
C100496,6,56,27,Center,store,Premium,3,16.25,0.046,0,0.015,1,0,0,48.75,0.0,1,0,0,1
C100497,2,65,4,East,app,Basic,5,15.51,0.227,0,0.317,0,0,0,77.55,0.0,0,1,1,0
C100498,9,47,13,South,app,Basic,5,12.44,0.06,1,0.13,0,0,1,62.199999999999996,0.07692307692307693,0,0,0,0
C100499,8,39,1,West,web,Plus,9,5.26,0.457,0,0.0,0,0,1,47.339999999999996,0.0,0,0,1,1
C100501,6,39,67,West,web,Premium,6,13.24,0.161,0,0.0,0,0,0,79.44,0.0,0,0,0,0
C100503,3,48,6,East,web,Plus,5,23.79,0.296,0,0.22,0,0,0,118.94999999999999,0.0,0,1,0,0
C100504,4,34,23,Center,app,Premium,4,7.79,0.092,0,0.0,0,0,1,31.16,0.0,0,0,0,1
C100505,2,30,49,Center,app,Basic,1,9.96,0.092,3,0.141,0,1,0,9.96,0.061224489795918366,0,0,0,1
C100506,10,58,54,North,app,Basic,8,17.03,0.068,0,0.0,0,0,0,136.24,0.0,0,0,0,0
C100508,3,29,35,South,web,Plus,7,14.44,0.247,0,0.164,0,0,0,101.08,0.0,0,0,0,0
C100512,1,51,13,South,web,Plus,7,10.43,0.311,0,0.223,0,0,0,73.00999999999999,0.0,0,1,0,0
C100513,9,22,49,East,web,Basic,1,11.5,0.305,0,0.211,1,1,0,11.5,0.0,1,1,0,1
C100514,3,37,11,North,app,Plus,8,13.19,0.341,0,0.126,0,0,0,105.52,0.0,0,0,0,0
C100518,2,67,27,North,web,Plus,4,16.01,0.169,0,0.15,1,0,1,64.04,0.0,1,0,0,0
C100520,5,27,14,North,store,Basic,5,9.49,0.186,0,0.106,1,0,0,47.45,0.0,1,0,0,1
C100522,8,29,12,North,web,Basic,1,11.34,0.057,0,0.295,0,0,0,11.34,0.0,0,1,0,1
C100524,9,69,44,Center,store,Basic,6,9.34,0.059,1,0.132,0,0,0,56.04,0.022727272727272728,0,0,0,0
C100525,1,25,47,East,app,Plus,10,13.76,0.34,1,0.0,0,0,0,137.6,0.02127659574468085,0,0,0,0
C100526,8,46,23,South,store,Premium,3,10.0,0.0,0,0.0,0,1,0,30.0,0.0,0,0,0,1
C100528,5,66,28,Center,web,Premium,8,6.81,0.327,0,0.094,0,0,0,54.48,0.0,0,0,0,1
C100529,12,25,23,North,app,Basic,6,8.22,0.03,1,0.0,0,1,1,49.32000000000001,0.043478260869565216,0,0,0,1
C100533,11,69,33,East,web,Plus,4,19.17,0.228,0,0.206,0,1,0,76.68,0.0,0,1,0,0
C100534,5,59,60,South,web,Premium,6,10.64,0.349,0,0.124,0,1,0,63.84,0.0,0,0,0,0
C100536,1,65,17,East,web,Basic,4,9.21,0.295,1,0.0,0,0,1,36.84,0.058823529411764705,0,0,0,1
C100538,2,60,9,Center,web,Premium,5,12.28,0.23,0,0.218,0,0,0,61.4,0.0,0,1,0,0
C100539,6,65,60,East,web,Plus,5,8.88,0.251,0,0.022,0,0,0,44.400000000000006,0.0,0,0,0,1
C100542,8,66,64,Center,web,Premium,5,12.66,0.38,0,0.036,0,0,0,63.3,0.0,0,0,0,0
C100543,13,28,40,North,app,Basic,7,1.0,0.149,0,0.0,0,1,0,7.0,0.0,0,0,0,1
C100545,12,42,35,West,web,Premium,1,11.56,0.27,0,0.205,0,0,0,11.56,0.0,0,1,0,1
C100546,13,28,68,East,app,Basic,5,12.11,0.297,1,0.053,0,1,0,60.55,0.014705882352941176,0,0,0,0
C100547,13,68,49,North,web,Premium,7,9.84,0.129,1,0.238,0,0,0,68.88,0.02040816326530612,0,1,0,0
C100548,5,67,45,North,web,Plus,5,12.0,0.093,1,0.099,0,1,0,60.0,0.022222222222222223,0,0,0,0
C100549,5,39,35,Center,store,Premium,7,12.18,0.0,0,0.153,0,1,0,85.25999999999999,0.0,0,0,0,0
C100550,10,35,70,North,web,Plus,3,12.29,0.279,0,0.04,1,0,1,36.87,0.0,1,0,0,1
C100553,5,23,13,Center,store,Basic,4,15.46,0.186,1,0.119,0,1,0,61.84,0.07692307692307693,0,0,0,0
C100554,6,55,60,South,app,Basic,9,17.61,0.133,1,0.131,0,0,0,158.49,0.016666666666666666,0,0,0,0
C100555,4,59,23,Center,store,Basic,7,16.17,0.221,0,0.068,0,1,0,113.19000000000001,0.0,0,0,0,0
C100556,9,21,7,West,app,Basic,1,14.28,0.189,0,0.158,0,0,0,14.28,0.0,0,0,0,1
C100557,5,62,62,South,app,Basic,3,14.16,0.114,0,0.125,0,0,0,42.480000000000004,0.0,0,0,0,1
C100558,8,48,49,North,app,Plus,6,17.22,0.153,0,0.129,0,1,0,103.32,0.0,0,0,0,0
C100561,3,56,60,Center,app,Plus,5,11.78,0.13,0,0.0,0,0,0,58.9,0.0,0,0,0,0
C100562,6,37,20,Center,store,Basic,2,18.23,0.217,0,0.0,0,1,1,36.46,0.0,0,0,0,1
C100563,10,39,67,Center,web,Basic,5,13.92,0.073,0,0.016,0,0,0,69.6,0.0,0,0,0,0
C100565,1,21,42,Center,web,Plus,4,12.83,0.089,0,0.22,0,0,1,51.32,0.0,0,1,0,1
C100568,4,71,21,North,app,Premium,6,12.54,0.179,1,0.012,1,1,0,75.24,0.047619047619047616,1,0,0,0
C100569,1,61,54,Center,store,Premium,6,11.59,0.122,0,0.0,0,1,0,69.53999999999999,0.0,0,0,0,0
C100573,7,33,21,Center,web,Basic,5,13.65,0.257,0,0.009,1,1,0,68.25,0.0,1,0,0,0
C100575,5,48,62,South,store,Plus,7,9.16,0.083,0,0.0,0,1,0,64.12,0.0,0,0,0,0
C100582,2,68,9,Center,store,Premium,6,12.75,0.196,1,0.06,0,1,0,76.5,0.1111111111111111,0,0,0,0
C100583,10,28,17,East,app,Plus,7,11.75,0.124,1,0.0,0,0,0,82.25,0.058823529411764705,0,0,0,0
C100586,5,43,26,Center,store,Basic,5,14.82,0.0,1,0.056,1,0,0,74.1,0.038461538461538464,1,0,0,0
C100588,12,25,6,West,store,Basic,3,14.34,0.107,1,0.062,0,0,1,43.019999999999996,0.16666666666666666,0,0,0,1
C100590,8,41,17,East,web,Plus,6,10.57,0.092,1,0.072,0,0,1,63.42,0.058823529411764705,0,0,0,0
C100592,5,54,19,West,web,Basic,7,22.59,0.237,0,0.056,0,0,1,158.13,0.0,0,0,0,0
C100593,1,71,45,North,store,Basic,5,18.43,0.156,0,0.198,0,0,0,92.15,0.0,0,0,0,0
C100594,1,63,48,North,app,Basic,5,13.62,0.308,0,0.259,0,1,0,68.1,0.0,0,1,0,0
C100595,8,66,30,North,store,Basic,10,6.18,0.137,1,0.089,0,0,1,61.8,0.03333333333333333,0,0,0,0
C100596,13,23,23,Center,app,Plus,4,2.27,0.021,0,0.145,0,1,1,9.08,0.0,0,0,0,1
C100598,3,52,40,South,store,Premium,3,14.7,0.152,0,0.142,1,0,0,44.099999999999994,0.0,1,0,0,1
C100599,9,40,59,North,app,Plus,3,10.75,0.055,0,0.024,1,1,0,32.25,0.0,1,0,0,1
C100601,11,54,66,East,web,Premium,6,14.65,0.496,0,0.317,0,0,0,87.9,0.0,0,1,0,0
C100603,6,28,69,North,app,Basic,8,17.79,0.187,0,0.15,0,0,0,142.32,0.0,0,0,0,0
C100605,8,61,56,North,app,Basic,4,10.99,0.0,0,0.0,0,0,1,43.96,0.0,0,0,0,1
C100607,13,61,1,North,app,Basic,7,9.25,0.034,0,0.0,1,1,1,64.75,0.0,1,0,1,0
C100608,3,36,3,West,app,Basic,5,23.96,0.072,0,0.063,0,0,0,119.80000000000001,0.0,0,0,1,0
C100609,6,59,11,Center,app,Basic,5,16.35,0.344,0,0.028,1,0,0,81.75,0.0,1,0,0,0
C100610,2,29,43,South,app,Basic,9,15.65,0.0,0,0.04,0,0,0,140.85,0.0,0,0,0,0
C100613,1,39,68,South,app,Basic,5,13.44,0.158,1,0.009,0,1,1,67.2,0.014705882352941176,0,0,0,0
C100615,1,41,6,West,store,Basic,3,15.21,0.251,0,0.104,0,1,1,45.63,0.0,0,0,0,1
C100616,9,45,40,Center,web,Basic,5,18.5,0.255,1,0.009,0,1,0,92.5,0.025,0,0,0,0
C100622,3,23,26,Center,app,Basic,2,18.04,0.119,0,0.176,0,1,0,36.08,0.0,0,0,0,1
C100625,1,49,20,Center,web,Plus,9,10.65,0.161,1,0.18,1,0,0,95.85000000000001,0.05,1,0,0,0
C100630,13,19,21,Center,app,Basic,3,7.7,0.0,0,0.072,0,1,1,23.1,0.0,0,0,0,1
C100632,10,32,6,South,web,Premium,3,11.8,0.083,0,0.094,0,1,0,35.400000000000006,0.0,0,0,0,1
C100635,7,40,51,Center,web,Premium,5,9.28,0.121,1,0.096,0,0,0,46.4,0.0196078431372549,0,0,0,1
C100638,10,19,40,Center,app,Premium,1,8.17,0.012,0,0.219,1,0,1,8.17,0.0,1,1,0,1
C100639,4,61,68,West,web,Basic,6,11.9,0.187,0,0.125,0,1,0,71.4,0.0,0,0,0,0
C100640,8,70,61,West,web,Plus,5,9.94,0.137,0,0.102,1,1,1,49.699999999999996,0.0,1,0,0,1
C100641,13,74,25,Center,store,Basic,7,10.28,0.218,1,0.122,0,1,0,71.96,0.04,0,0,0,0
C100643,3,26,63,North,app,Basic,7,6.86,0.273,0,0.091,0,0,0,48.02,0.0,0,0,0,1
C100649,4,70,58,West,web,Basic,11,19.03,0.275,1,0.151,1,1,0,209.33,0.017241379310344827,1,0,0,0
C100650,13,32,44,Center,store,Basic,6,7.26,0.291,0,0.163,0,0,0,43.56,0.0,0,0,0,1
C100651,13,25,29,North,app,Plus,11,14.51,0.104,0,0.116,0,1,0,159.60999999999999,0.0,0,0,0,0
C100652,11,42,1,North,web,Basic,9,23.69,0.022,0,0.101,0,0,1,213.21,0.0,0,0,1,0
C100655,3,74,45,North,app,Plus,4,11.13,0.041,1,0.01,0,1,0,44.52,0.022222222222222223,0,0,0,1
C100656,7,24,28,North,app,Plus,2,20.91,0.273,0,0.133,0,1,0,41.82,0.0,0,0,0,1
C100657,11,24,8,West,app,Basic,5,12.05,0.218,3,0.077,0,1,0,60.25,0.375,0,0,0,0
C100659,13,28,38,North,web,Premium,7,5.63,0.202,1,0.0,1,1,0,39.41,0.02631578947368421,1,0,0,1
C100662,11,72,27,South,app,Basic,6,5.35,0.082,1,0.155,0,0,1,32.099999999999994,0.037037037037037035,0,0,0,1
C100663,7,43,16,West,web,Premium,12,13.32,0.076,0,0.052,0,0,0,159.84,0.0,0,0,0,0
C100665,11,60,45,South,web,Basic,4,13.66,0.0,0,0.1,0,1,0,54.64,0.0,0,0,0,1
C100668,5,43,10,Center,app,Basic,4,17.49,0.134,0,0.122,0,0,1,69.96,0.0,0,0,0,0
C100669,6,70,71,West,app,Plus,2,14.98,0.181,0,0.232,0,1,0,29.96,0.0,0,1,0,1
C100670,3,60,26,West,app,Premium,5,7.01,0.25,0,0.0,1,0,0,35.05,0.0,1,0,0,1
C100674,7,26,45,North,app,Plus,6,17.37,0.513,1,0.0,1,1,0,104.22,0.022222222222222223,1,0,0,0
C100675,6,21,37,Center,store,Premium,3,21.4,0.34,0,0.05,1,0,1,64.19999999999999,0.0,1,0,0,0
C100678,1,26,17,West,web,Basic,8,11.71,0.156,0,0.14,0,0,0,93.68,0.0,0,0,0,0
C100679,1,19,27,South,app,Basic,4,8.7,0.166,1,0.127,0,0,1,34.8,0.037037037037037035,0,0,0,1
C100680,13,24,9,South,app,Plus,3,8.54,0.144,0,0.104,0,1,1,25.619999999999997,0.0,0,0,0,1
C100682,7,40,11,Center,app,Basic,9,9.81,0.12,1,0.139,0,0,0,88.29,0.09090909090909091,0,0,0,0
C100685,7,59,40,Center,app,Plus,3,9.81,0.304,0,0.0,0,1,0,29.43,0.0,0,0,0,1
C100686,6,32,29,East,web,Basic,4,8.02,0.131,0,0.209,0,0,1,32.08,0.0,0,1,0,1
C100689,13,21,42,West,web,Plus,2,17.6,0.09,0,0.028,0,1,0,35.2,0.0,0,0,0,1
C100690,11,71,39,East,app,Plus,5,20.12,0.004,1,0.117,0,0,0,100.60000000000001,0.02564102564102564,0,0,0,0
C100691,5,74,49,Center,app,Basic,5,5.7,0.213,1,0.302,0,0,0,28.5,0.02040816326530612,0,1,0,1
C100695,7,70,68,Center,app,Basic,8,9.4,0.217,0,0.054,0,0,0,75.2,0.0,0,0,0,0
C100696,5,55,18,East,app,Premium,11,14.82,0.164,1,0.1,0,0,0,163.02,0.05555555555555555,0,0,0,0
C100700,3,60,3,Center,app,Basic,7,13.13,0.411,0,0.113,2,1,1,91.91000000000001,0.0,1,0,1,0
C100701,4,30,8,West,web,Basic,4,12.34,0.225,0,0.17,1,0,0,49.36,0.0,1,0,0,1
C100702,7,47,10,West,web,Basic,8,13.38,0.166,0,0.0,0,0,1,107.04,0.0,0,0,0,0
C100703,2,25,33,South,app,Plus,6,5.49,0.163,0,0.303,0,1,1,32.94,0.0,0,1,0,1
C100704,9,42,2,West,app,Premium,5,15.66,0.119,1,0.179,1,0,1,78.3,0.5,1,0,1,0
C100709,1,25,44,North,app,Premium,4,9.24,0.113,0,0.104,0,0,0,36.96,0.0,0,0,0,1
C100710,9,27,62,East,web,Plus,3,7.26,0.106,0,0.134,0,1,0,21.78,0.0,0,0,0,1
C100711,1,28,4,North,app,Basic,3,13.57,0.238,1,0.012,0,1,0,40.71,0.25,0,0,1,1
C100713,6,67,15,North,web,Basic,6,13.72,0.167,1,0.118,0,0,1,82.32000000000001,0.06666666666666667,0,0,0,0
C100715,2,45,29,West,store,Basic,1,3.62,0.439,0,0.044,0,0,0,3.62,0.0,0,0,0,1
C100716,9,71,29,South,web,Basic,4,13.68,0.181,0,0.053,0,0,0,54.72,0.0,0,0,0,0
C100720,8,66,65,West,store,Plus,3,13.02,0.433,0,0.232,0,0,0,39.06,0.0,0,1,0,1
C100721,8,33,17,North,web,Premium,3,10.07,0.118,0,0.0,1,0,1,30.21,0.0,1,0,0,1
C100722,4,32,61,Center,app,Basic,4,11.8,0.165,0,0.0,0,1,1,47.2,0.0,0,0,0,1
C100723,13,48,62,West,app,Plus,10,7.03,0.231,0,0.128,0,0,0,70.3,0.0,0,0,0,0
C100726,6,64,48,South,web,Basic,4,10.31,0.219,0,0.063,1,1,0,41.24,0.0,1,0,0,1
C100727,7,47,28,South,app,Basic,3,17.29,0.162,0,0.095,2,1,0,51.87,0.0,1,0,0,1
C100729,3,53,57,South,app,Basic,7,5.5,0.164,0,0.09,1,1,1,38.5,0.0,1,0,0,1
C100731,6,48,40,North,app,Plus,6,8.38,0.153,0,0.09,0,1,1,50.28,0.0,0,0,0,1
C100733,9,40,4,North,web,Basic,7,17.47,0.005,1,0.141,1,0,1,122.28999999999999,0.25,1,0,1,0
C100734,1,71,15,North,web,Plus,5,12.14,0.108,0,0.055,1,1,0,60.7,0.0,1,0,0,0
C100735,11,63,16,Center,app,Plus,6,16.3,0.258,1,0.0,0,1,1,97.80000000000001,0.0625,0,0,0,0
C100737,1,67,44,West,app,Premium,6,15.51,0.0,2,0.052,0,0,0,93.06,0.045454545454545456,0,0,0,0
C100738,6,39,49,Center,app,Plus,7,11.72,0.09,0,0.085,1,0,0,82.04,0.0,1,0,0,0
C100743,1,24,45,North,store,Basic,5,10.41,0.089,0,0.042,1,0,0,52.05,0.0,1,0,0,1
C100744,4,49,34,South,web,Plus,4,13.72,0.056,0,0.0,0,0,0,54.88,0.0,0,0,0,0
C100745,13,73,36,South,app,Plus,6,11.04,0.417,1,0.069,0,0,0,66.24,0.027777777777777776,0,0,0,0
C100749,4,31,40,South,app,Basic,5,12.94,0.242,0,0.006,1,1,1,64.7,0.0,1,0,0,0
C100751,4,73,45,Center,app,Basic,6,6.89,0.23,0,0.098,0,0,0,41.339999999999996,0.0,0,0,0,1
C100754,5,59,59,East,web,Basic,4,7.55,0.387,0,0.113,1,1,0,30.2,0.0,1,0,0,1
C100755,6,46,20,North,app,Basic,2,12.12,0.278,0,0.0,0,0,1,24.24,0.0,0,0,0,1
C100756,8,43,9,Center,web,Plus,7,15.01,0.096,0,0.0,0,1,1,105.07,0.0,0,0,0,0
C100758,3,49,55,North,app,Basic,3,12.35,0.106,0,0.283,0,0,0,37.05,0.0,0,1,0,1
C100763,6,35,25,Center,web,Plus,7,18.41,0.051,1,0.105,0,0,1,128.87,0.04,0,0,0,0
C100770,4,70,2,North,app,Basic,7,10.63,0.051,0,0.0,0,1,1,74.41000000000001,0.0,0,0,1,0
C100777,4,65,16,Center,store,Premium,4,11.56,0.387,1,0.063,1,1,0,46.24,0.0625,1,0,0,1
C100779,9,61,66,South,app,Basic,4,12.3,0.029,1,0.292,0,0,0,49.2,0.015151515151515152,0,1,0,1
C100780,13,65,65,East,app,Premium,3,13.05,0.277,0,0.098,0,0,0,39.150000000000006,0.0,0,0,0,1
C100781,8,58,21,South,app,Plus,5,9.65,0.233,0,0.0,0,1,1,48.25,0.0,0,0,0,1
C100782,3,34,3,North,app,Basic,7,9.78,0.293,0,0.0,1,0,0,68.46,0.0,1,0,1,0
C100784,8,57,10,Center,store,Premium,5,13.12,0.542,0,0.08,1,1,0,65.6,0.0,1,0,0,0
C100785,9,56,6,North,app,Premium,3,13.52,0.137,1,0.0,0,1,0,40.56,0.16666666666666666,0,0,0,1
C100786,11,73,42,South,store,Premium,2,5.43,0.32,0,0.042,0,1,0,10.86,0.0,0,0,0,1
C100788,12,37,52,East,app,Basic,4,10.24,0.212,0,0.0,0,0,1,40.96,0.0,0,0,0,1
C100789,12,35,36,East,web,Basic,5,5.43,0.378,0,0.352,0,1,0,27.15,0.0,0,1,0,1
C100790,11,36,14,Center,app,Basic,6,11.59,0.0,1,0.071,0,1,1,69.53999999999999,0.07142857142857142,0,0,0,0
C100793,5,61,60,North,app,Plus,2,9.29,0.023,0,0.131,0,0,0,18.58,0.0,0,0,0,1
C100795,9,27,39,Center,store,Plus,5,9.7,0.171,0,0.166,0,0,1,48.5,0.0,0,0,0,1
C100796,4,40,20,North,app,Plus,8,10.54,0.111,2,0.018,0,1,0,84.32,0.1,0,0,0,0
C100803,7,71,71,East,web,Plus,4,12.58,0.496,0,0.093,0,1,0,50.32,0.0,0,0,0,1
C100805,9,26,49,East,web,Basic,7,14.2,0.179,1,0.146,0,1,0,99.39999999999999,0.02040816326530612,0,0,0,0
C100806,10,34,53,Center,app,Premium,6,9.71,0.093,1,0.238,0,1,0,58.260000000000005,0.018867924528301886,0,1,0,0
C100807,11,47,29,East,app,Basic,7,16.35,0.071,0,0.008,1,0,1,114.45000000000002,0.0,1,0,0,0
C100811,9,73,55,South,app,Basic,8,11.64,0.15,0,0.074,0,0,0,93.12,0.0,0,0,0,0
C100812,5,39,64,South,store,Plus,3,10.14,0.154,0,0.084,0,1,0,30.42,0.0,0,0,0,1
C100816,10,23,10,South,web,Plus,2,18.97,0.1,0,0.272,0,0,1,37.94,0.0,0,1,0,1
C100817,6,34,48,North,web,Plus,6,6.3,0.053,0,0.0,1,0,0,37.8,0.0,1,0,0,1
C100819,12,63,31,West,store,Basic,8,12.78,0.28,0,0.016,1,0,0,102.24,0.0,1,0,0,0
C100820,13,44,3,Center,web,Plus,4,6.83,0.331,0,0.106,0,0,0,27.32,0.0,0,0,1,1
C100821,2,58,51,South,store,Basic,11,8.98,0.256,0,0.0,0,0,0,98.78,0.0,0,0,0,0
C100822,4,63,40,North,web,Basic,8,4.45,0.298,1,0.053,0,0,0,35.6,0.025,0,0,0,1
C100823,7,54,29,South,app,Plus,8,8.87,0.126,1,0.153,1,0,1,70.96,0.034482758620689655,1,0,0,0
C100824,11,64,50,South,app,Premium,6,16.39,0.141,0,0.135,0,1,0,98.34,0.0,0,0,0,0
C100825,8,72,11,East,app,Plus,5,1.29,0.296,0,0.0,1,0,0,6.45,0.0,1,0,0,1
C100827,1,42,30,Center,store,Basic,2,11.78,0.33,0,0.136,0,0,0,23.56,0.0,0,0,0,1
C100828,5,30,30,Center,web,Basic,2,6.94,0.125,0,0.07,0,1,1,13.88,0.0,0,0,0,1
C100829,3,41,4,North,app,Plus,10,9.45,0.291,0,0.182,0,1,0,94.5,0.0,0,0,1,0
C100830,8,18,60,Center,app,Basic,2,16.7,0.0,0,0.0,0,0,1,33.4,0.0,0,0,0,1
C100837,4,56,15,Center,store,Basic,3,6.53,0.112,1,0.004,1,0,1,19.59,0.06666666666666667,1,0,0,1
C100838,8,41,27,South,app,Plus,8,14.64,0.102,0,0.0,0,1,0,117.12,0.0,0,0,0,0
C100840,7,20,10,North,web,Basic,4,9.74,0.178,0,0.168,0,0,0,38.96,0.0,0,0,0,1
C100846,13,59,65,Center,app,Plus,5,15.31,0.093,1,0.008,0,0,0,76.55,0.015384615384615385,0,0,0,0
C100847,12,59,48,Center,app,Basic,5,15.47,0.265,0,0.096,1,0,0,77.35000000000001,0.0,1,0,0,0
C100848,10,63,23,East,web,Plus,6,12.71,0.357,0,0.038,0,1,0,76.26,0.0,0,0,0,0
C100849,12,18,42,South,web,Plus,8,11.33,0.135,1,0.058,0,0,1,90.64,0.023809523809523808,0,0,0,0
C100854,4,45,53,Center,store,Basic,6,15.94,0.261,0,0.159,0,1,0,95.64,0.0,0,0,0,0
C100855,12,41,34,Center,app,Basic,4,17.32,0.044,1,0.029,0,1,0,69.28,0.029411764705882353,0,0,0,0
C100856,2,21,56,North,store,Premium,3,12.05,0.098,0,0.0,0,0,0,36.150000000000006,0.0,0,0,0,1
C100858,13,48,38,North,app,Plus,5,14.49,0.129,0,0.085,0,0,0,72.45,0.0,0,0,0,0
C100860,4,71,26,East,app,Basic,4,14.48,0.151,0,0.0,0,0,1,57.92,0.0,0,0,0,0
C100861,5,59,5,Center,app,Basic,4,17.34,0.043,0,0.123,0,1,0,69.36,0.0,0,0,1,0
C100862,6,72,67,Center,app,Basic,11,11.8,0.125,0,0.0,0,0,0,129.8,0.0,0,0,0,0
C100864,13,72,49,Center,app,Basic,7,14.69,0.42,0,0.013,0,0,0,102.83,0.0,0,0,0,0
C100865,7,50,55,Center,web,Basic,2,10.01,0.227,3,0.248,0,1,1,20.02,0.05454545454545454,0,1,0,1
C100867,11,49,40,South,web,Basic,4,12.7,0.36,0,0.0,1,0,0,50.8,0.0,1,0,0,1
C100868,3,20,58,South,app,Basic,6,12.79,0.284,0,0.006,0,0,0,76.74,0.0,0,0,0,0
C100871,3,20,58,Center,store,Plus,6,12.76,0.182,0,0.226,0,1,0,76.56,0.0,0,1,0,0
C100874,10,24,39,West,web,Premium,7,20.99,0.083,0,0.211,0,1,0,146.92999999999998,0.0,0,1,0,0
C100876,13,21,32,Center,app,Plus,10,6.2,0.154,0,0.007,0,0,0,62.0,0.0,0,0,0,0
C100879,9,22,40,North,app,Basic,2,6.24,0.244,0,0.002,0,0,0,12.48,0.0,0,0,0,1
C100880,13,63,24,North,app,Plus,4,14.95,0.294,0,0.07,0,0,0,59.8,0.0,0,0,0,0
C100882,3,36,57,Center,web,Plus,10,14.91,0.343,0,0.152,2,1,1,149.1,0.0,1,0,0,0
C100885,3,29,1,East,web,Plus,1,7.47,0.07,1,0.13,0,0,1,7.47,1.0,0,0,1,1
C100886,3,34,68,South,web,Plus,3,4.86,0.257,0,0.237,0,1,0,14.580000000000002,0.0,0,1,0,1
C100887,13,68,2,South,app,Premium,7,18.37,0.279,0,0.0,1,1,1,128.59,0.0,1,0,1,0
C100890,11,60,45,South,web,Plus,2,13.07,0.07,0,0.17,0,1,0,26.14,0.0,0,0,0,1
C100891,11,43,22,South,web,Plus,5,10.42,0.174,0,0.213,1,1,1,52.1,0.0,1,1,0,1
C100892,4,65,10,West,app,Basic,6,14.5,0.274,1,0.028,0,0,0,87.0,0.1,0,0,0,0
C100893,7,60,29,East,store,Plus,2,13.93,0.359,0,0.177,0,1,0,27.86,0.0,0,0,0,1
C100898,13,42,66,East,app,Plus,3,10.28,0.102,1,0.154,0,0,1,30.839999999999996,0.015151515151515152,0,0,0,1
C100899,10,64,70,East,app,Plus,3,15.91,0.088,0,0.166,1,0,0,47.730000000000004,0.0,1,0,0,1
C100900,4,26,4,North,app,Plus,9,16.62,0.296,0,0.174,0,0,1,149.58,0.0,0,0,1,0
C100902,1,65,55,North,web,Premium,5,11.29,0.283,2,0.0,0,1,0,56.449999999999996,0.03636363636363636,0,0,0,0
C100903,13,53,8,South,store,Basic,7,15.37,0.284,0,0.082,1,0,0,107.58999999999999,0.0,1,0,0,0
C100904,13,20,26,East,app,Basic,5,7.44,0.055,0,0.035,0,0,0,37.2,0.0,0,0,0,1
C100906,1,38,62,Center,app,Premium,7,13.32,0.133,1,0.032,0,0,0,93.24000000000001,0.016129032258064516,0,0,0,0
C100907,9,56,38,South,app,Basic,4,7.12,0.255,2,0.0,0,0,0,28.48,0.05263157894736842,0,0,0,1
C100910,8,41,24,West,web,Premium,4,16.12,0.382,1,0.195,0,1,0,64.48,0.041666666666666664,0,0,0,0
C100911,6,41,53,North,app,Basic,7,19.34,0.225,0,0.054,0,0,0,135.38,0.0,0,0,0,0
C100913,10,49,71,East,web,Plus,4,13.17,0.098,0,0.275,0,0,0,52.68,0.0,0,1,0,1
C100915,10,40,9,North,store,Basic,3,8.99,0.25,0,0.15,0,0,0,26.97,0.0,0,0,0,1
C100917,6,60,71,East,app,Basic,6,18.03,0.151,0,0.0,0,1,0,108.18,0.0,0,0,0,0
C100919,1,39,34,Center,web,Basic,7,9.14,0.04,0,0.136,0,0,1,63.980000000000004,0.0,0,0,0,0
C100920,2,42,55,East,app,Basic,3,6.52,0.301,1,0.036,0,0,0,19.56,0.01818181818181818,0,0,0,1
C100921,3,44,15,North,web,Basic,5,9.79,0.169,0,0.303,0,0,0,48.949999999999996,0.0,0,1,0,1
C100922,10,22,67,East,web,Basic,5,10.49,0.13,0,0.061,0,1,0,52.45,0.0,0,0,0,1
C100923,1,61,27,Center,app,Basic,4,7.86,0.326,0,0.069,0,0,0,31.44,0.0,0,0,0,1
C100924,6,68,43,Center,app,Basic,5,12.9,0.116,0,0.09,0,1,0,64.5,0.0,0,0,0,0
C100925,6,46,26,Center,web,Basic,7,10.47,0.107,0,0.137,1,0,0,73.29,0.0,1,0,0,0
C100927,8,37,64,West,store,Plus,4,3.86,0.354,0,0.051,0,0,1,15.44,0.0,0,0,0,1
C100931,11,39,5,South,store,Premium,5,4.26,0.013,0,0.128,0,1,1,21.299999999999997,0.0,0,0,1,1
C100932,8,39,31,West,web,Basic,10,6.49,0.186,1,0.172,0,1,0,64.9,0.03225806451612903,0,0,0,0
C100934,6,23,25,North,app,Basic,3,14.9,0.237,0,0.141,1,1,1,44.7,0.0,1,0,0,1
C100936,8,72,13,Center,web,Basic,7,14.85,0.152,0,0.0,0,1,0,103.95,0.0,0,0,0,0
C100939,6,58,4,North,web,Plus,5,12.78,0.139,0,0.03,1,0,0,63.9,0.0,1,0,1,0
C100940,6,69,13,South,app,Basic,7,9.39,0.221,0,0.0,0,0,0,65.73,0.0,0,0,0,0
C100942,1,58,36,East,app,Basic,6,12.43,0.215,0,0.089,1,0,0,74.58,0.0,1,0,0,0
C100944,7,66,37,South,app,Plus,5,15.88,0.307,0,0.054,0,0,0,79.4,0.0,0,0,0,0
C100950,11,65,6,Center,store,Plus,6,12.09,0.186,1,0.215,0,1,0,72.53999999999999,0.16666666666666666,0,1,0,0
C100951,5,55,38,Center,web,Basic,1,4.69,0.155,0,0.267,0,0,0,4.69,0.0,0,1,0,1
C100952,6,61,49,North,web,Basic,7,7.41,0.308,0,0.044,0,0,0,51.870000000000005,0.0,0,0,0,1
C100954,1,32,41,West,app,Premium,2,10.33,0.208,0,0.126,0,0,0,20.66,0.0,0,0,0,1
C100957,12,41,14,Center,web,Premium,7,17.88,0.006,0,0.074,0,1,1,125.16,0.0,0,0,0,0
C100958,11,24,20,West,web,Basic,3,8.8,0.089,0,0.171,0,0,0,26.400000000000002,0.0,0,0,0,1
C100959,13,28,48,South,app,Basic,10,14.49,0.257,1,0.091,0,0,0,144.9,0.020833333333333332,0,0,0,0
C100960,3,37,54,East,app,Premium,9,6.76,0.26,1,0.079,1,1,1,60.839999999999996,0.018518518518518517,1,0,0,0
C100963,5,34,23,South,web,Basic,10,13.68,0.297,0,0.265,0,1,0,136.8,0.0,0,1,0,0
C100965,12,42,16,South,app,Basic,3,14.92,0.09,1,0.207,0,1,0,44.76,0.0625,0,1,0,1
C100967,9,74,65,North,store,Basic,5,9.12,0.214,0,0.223,0,1,0,45.599999999999994,0.0,0,1,0,1
C100968,2,47,46,North,app,Basic,7,15.08,0.144,0,0.0,0,1,0,105.56,0.0,0,0,0,0
C100970,10,36,14,North,web,Basic,6,9.74,0.434,0,0.028,0,0,0,58.44,0.0,0,0,0,0
C100976,3,62,32,Center,app,Plus,3,12.73,0.22,0,0.101,0,1,0,38.19,0.0,0,0,0,1
C100981,5,39,41,East,store,Basic,4,10.75,0.236,0,0.236,0,1,1,43.0,0.0,0,1,0,1
C100982,4,37,2,East,web,Premium,6,1.0,0.105,0,0.248,0,0,0,6.0,0.0,0,1,1,1
C100983,10,33,52,South,app,Premium,7,9.79,0.364,0,0.018,0,1,1,68.53,0.0,0,0,0,0
C100984,3,36,19,South,app,Plus,7,12.98,0.071,0,0.09,0,0,0,90.86,0.0,0,0,0,0
C100986,1,35,47,South,web,Basic,5,8.59,0.389,1,0.0,0,0,0,42.95,0.02127659574468085,0,0,0,1
C100987,12,46,35,East,web,Basic,6,12.49,0.241,0,0.0,0,0,0,74.94,0.0,0,0,0,0
C100989,5,57,22,East,store,Plus,10,7.86,0.0,1,0.0,0,1,1,78.60000000000001,0.045454545454545456,0,0,0,0
C100991,9,22,1,South,app,Basic,2,7.33,0.241,0,0.0,0,1,0,14.66,0.0,0,0,1,1
C100993,2,67,38,North,app,Basic,4,16.62,0.123,0,0.0,1,1,0,66.48,0.0,1,0,0,0
C100994,8,30,9,North,store,Premium,8,10.11,0.352,0,0.257,0,0,1,80.88,0.0,0,1,0,0
C100996,9,48,17,South,app,Plus,5,11.17,0.208,0,0.062,2,0,1,55.85,0.0,1,0,0,0
C100997,1,46,32,South,web,Basic,5,5.98,0.362,0,0.063,0,1,0,29.900000000000002,0.0,0,0,0,1
C100999,3,29,69,North,store,Basic,9,9.3,0.337,0,0.031,0,0,0,83.7,0.0,0,0,0,0
C101001,13,41,15,North,web,Premium,2,12.47,0.322,0,0.02,0,0,0,24.94,0.0,0,0,0,1
C101007,13,44,64,Center,app,Plus,6,12.29,0.138,0,0.0,0,0,0,73.74,0.0,0,0,0,0
C101008,13,64,30,West,web,Plus,7,9.18,0.028,0,0.171,0,1,0,64.25999999999999,0.0,0,0,0,0
C101011,6,44,17,East,app,Plus,4,11.95,0.29,1,0.194,0,0,0,47.8,0.058823529411764705,0,0,0,1
C101012,12,64,32,West,app,Basic,5,18.47,0.254,0,0.0,0,1,0,92.35,0.0,0,0,0,0
C101013,12,39,66,North,app,Plus,2,16.16,0.125,0,0.097,0,0,0,32.32,0.0,0,0,0,1
C101016,11,35,61,West,store,Plus,4,9.22,0.33,0,0.0,0,1,0,36.88,0.0,0,0,0,1
C101017,11,29,49,West,web,Plus,3,10.33,0.291,0,0.139,0,0,0,30.990000000000002,0.0,0,0,0,1
C101018,5,48,70,Center,app,Premium,1,14.73,0.0,1,0.164,0,0,0,14.73,0.014285714285714285,0,0,0,1
C101019,8,36,68,West,web,Plus,6,15.44,0.251,1,0.136,0,1,0,92.64,0.014705882352941176,0,0,0,0
C101022,12,63,27,Center,app,Basic,6,7.67,0.106,0,0.184,0,0,0,46.019999999999996,0.0,0,0,0,1
C101023,7,61,42,Center,web,Premium,5,15.91,0.072,0,0.083,0,0,0,79.55,0.0,0,0,0,0
C101026,9,28,27,North,store,Plus,5,9.22,0.256,0,0.189,0,0,0,46.1,0.0,0,0,0,1
C101029,7,64,18,North,web,Plus,12,23.77,0.164,1,0.0,0,0,0,285.24,0.05555555555555555,0,0,0,0
C101030,13,45,21,South,app,Premium,4,10.33,0.28,0,0.081,0,1,1,41.32,0.0,0,0,0,1
C101032,5,31,54,South,web,Premium,6,8.85,0.25,1,0.167,1,1,0,53.099999999999994,0.018518518518518517,1,0,0,1
C101034,11,26,7,East,web,Basic,5,9.18,0.319,0,0.161,0,1,0,45.9,0.0,0,0,0,1
C101035,4,56,70,West,web,Plus,4,15.34,0.2,0,0.005,1,0,0,61.36,0.0,1,0,0,0
C101036,2,51,27,West,app,Basic,4,12.84,0.194,0,0.0,0,0,1,51.36,0.0,0,0,0,1
C101037,4,32,46,South,app,Plus,6,14.81,0.295,0,0.115,0,1,0,88.86,0.0,0,0,0,0
C101038,11,38,28,Center,store,Plus,2,11.87,0.203,0,0.274,0,1,0,23.74,0.0,0,1,0,1
C101041,3,39,13,East,web,Basic,6,12.0,0.197,0,0.148,0,0,1,72.0,0.0,0,0,0,0
C101042,2,33,10,East,app,Basic,2,14.97,0.193,1,0.02,0,0,1,29.94,0.1,0,0,0,1
C101045,4,32,63,West,app,Basic,4,14.71,0.127,1,0.146,0,1,0,58.84,0.015873015873015872,0,0,0,0
C101046,11,34,68,South,app,Basic,3,8.4,0.16,0,0.067,0,0,0,25.200000000000003,0.0,0,0,0,1
C101048,13,28,21,East,web,Basic,7,11.84,0.0,0,0.058,0,0,0,82.88,0.0,0,0,0,0
C101050,4,68,43,East,app,Plus,1,4.87,0.166,0,0.087,0,0,0,4.87,0.0,0,0,0,1
C101052,12,27,12,Center,web,Plus,5,17.95,0.0,0,0.0,0,0,1,89.75,0.0,0,0,0,0
C101053,3,29,28,East,app,Basic,4,5.08,0.181,0,0.044,0,0,0,20.32,0.0,0,0,0,1
C101054,11,22,25,Center,app,Premium,4,10.83,0.198,0,0.135,2,0,0,43.32,0.0,1,0,0,1
C101056,9,37,47,West,web,Premium,2,8.73,0.018,0,0.0,0,1,0,17.46,0.0,0,0,0,1
C101059,11,35,34,East,web,Basic,13,19.23,0.188,1,0.101,0,1,0,249.99,0.029411764705882353,0,0,0,0
C101060,8,31,43,East,app,Basic,2,12.31,0.347,0,0.084,0,0,0,24.62,0.0,0,0,0,1
C101063,7,21,50,Center,app,Premium,4,5.78,0.202,2,0.326,0,1,1,23.12,0.04,0,1,0,1
C101065,1,42,20,East,app,Plus,7,14.98,0.032,1,0.085,0,0,0,104.86,0.05,0,0,0,0
C101067,11,61,12,East,app,Basic,3,7.3,0.067,1,0.251,0,0,1,21.9,0.08333333333333333,0,1,0,1
C101068,3,39,67,South,app,Premium,4,17.93,0.246,0,0.059,1,0,1,71.72,0.0,1,0,0,0
C101069,2,58,31,South,web,Plus,3,14.33,0.242,0,0.0,0,0,0,42.99,0.0,0,0,0,1
C101071,4,29,7,South,app,Plus,3,14.64,0.243,0,0.026,0,0,1,43.92,0.0,0,0,0,1
C101072,4,27,51,South,app,Basic,2,18.89,0.152,0,0.251,0,1,1,37.78,0.0,0,1,0,1
C101079,5,45,8,South,store,Plus,2,2.72,0.197,1,0.029,0,0,1,5.44,0.125,0,0,0,1
C101080,10,61,11,North,web,Premium,9,9.41,0.195,2,0.047,0,0,0,84.69,0.18181818181818182,0,0,0,0
C101081,8,70,29,East,web,Plus,4,13.11,0.265,0,0.048,1,1,0,52.44,0.0,1,0,0,1
C101082,8,34,51,North,app,Basic,3,9.33,0.157,0,0.0,0,0,0,27.990000000000002,0.0,0,0,0,1
C101083,7,55,56,East,web,Basic,7,11.61,0.249,0,0.052,0,1,0,81.27,0.0,0,0,0,0
C101084,11,51,3,Center,app,Plus,6,12.0,0.219,0,0.0,0,0,1,72.0,0.0,0,0,1,0
C101085,7,53,25,West,app,Premium,6,12.84,0.195,0,0.174,0,0,1,77.03999999999999,0.0,0,0,0,0
C101086,9,63,67,Center,app,Basic,3,14.51,0.343,0,0.072,0,0,0,43.53,0.0,0,0,0,1
C101088,12,40,4,South,app,Plus,8,19.92,0.228,0,0.005,0,1,0,159.36,0.0,0,0,1,0
C101089,7,60,52,East,app,Basic,2,14.32,0.25,0,0.093,0,1,0,28.64,0.0,0,0,0,1
C101090,4,21,60,Center,app,Premium,9,12.9,0.148,0,0.249,0,0,0,116.10000000000001,0.0,0,1,0,0
C101094,6,69,56,Center,app,Basic,6,12.4,0.211,0,0.278,0,0,0,74.4,0.0,0,1,0,0
C101095,2,42,55,South,app,Plus,8,14.91,0.042,0,0.217,0,1,0,119.28,0.0,0,1,0,0
C101097,11,45,38,North,store,Basic,7,9.76,0.146,1,0.004,0,1,0,68.32,0.02631578947368421,0,0,0,0
C101098,12,21,9,West,app,Plus,9,14.02,0.45,1,0.162,0,1,1,126.17999999999999,0.1111111111111111,0,0,0,0
C101099,12,26,48,North,web,Plus,5,13.39,0.191,0,0.213,0,0,0,66.95,0.0,0,1,0,0
C101101,2,43,71,East,store,Plus,9,16.28,0.186,2,0.016,0,0,0,146.52,0.028169014084507043,0,0,0,0
C101103,1,54,48,West,app,Premium,4,7.63,0.365,0,0.137,0,0,1,30.52,0.0,0,0,0,1
C101104,2,46,37,North,store,Premium,3,7.9,0.0,1,0.0,0,0,0,23.700000000000003,0.02702702702702703,0,0,0,1
C101105,8,25,39,South,web,Plus,4,12.08,0.122,0,0.052,0,1,1,48.32,0.0,0,0,0,1
C101106,13,64,71,Center,web,Basic,7,14.5,0.035,0,0.221,0,1,0,101.5,0.0,0,1,0,0
C101108,9,38,29,West,app,Basic,6,13.64,0.087,0,0.0,1,0,0,81.84,0.0,1,0,0,0
C101109,1,27,31,North,web,Plus,3,13.81,0.011,0,0.052,0,0,1,41.43,0.0,0,0,0,1
C101110,7,71,25,West,web,Plus,5,14.2,0.104,1,0.074,0,0,0,71.0,0.04,0,0,0,0
C101117,3,28,68,North,store,Plus,5,14.98,0.204,0,0.114,0,0,1,74.9,0.0,0,0,0,0
C101119,10,27,44,Center,app,Plus,7,19.36,0.353,1,0.095,0,1,1,135.51999999999998,0.022727272727272728,0,0,0,0
C101121,3,45,21,North,web,Basic,0,6.15,0.147,0,0.0,0,0,1,0.0,0.0,0,0,0,1
C101123,1,18,71,East,app,Premium,6,15.64,0.135,0,0.077,0,0,0,93.84,0.0,0,0,0,0
C101124,5,25,54,West,web,Basic,3,10.43,0.187,0,0.095,1,0,0,31.29,0.0,1,0,0,1
C101130,3,61,22,North,app,Plus,10,12.94,0.337,0,0.037,0,1,0,129.4,0.0,0,0,0,0
C101131,4,63,25,North,app,Plus,4,6.5,0.0,0,0.174,0,0,0,26.0,0.0,0,0,0,1
C101132,4,47,60,South,app,Premium,4,13.04,0.23,0,0.02,0,1,0,52.16,0.0,0,0,0,1
C101134,13,43,44,Center,app,Basic,3,14.73,0.197,0,0.304,0,1,0,44.19,0.0,0,1,0,1
C101136,13,26,32,South,web,Premium,3,17.39,0.367,0,0.026,0,1,0,52.17,0.0,0,0,0,1
C101139,1,41,70,Center,store,Basic,5,9.96,0.288,0,0.06,0,0,0,49.800000000000004,0.0,0,0,0,1
C101142,12,56,42,Center,app,Basic,8,11.04,0.015,1,0.157,0,1,0,88.32,0.023809523809523808,0,0,0,0
C101145,4,70,57,West,store,Basic,9,9.73,0.187,0,0.144,0,0,0,87.57000000000001,0.0,0,0,0,0
C101146,10,30,33,South,store,Plus,4,9.27,0.158,0,0.121,0,0,0,37.08,0.0,0,0,0,1
C101148,4,51,70,Center,app,Basic,4,12.68,0.0,0,0.238,0,1,1,50.72,0.0,0,1,0,1
C101150,1,36,16,North,web,Basic,5,12.31,0.084,0,0.014,0,0,1,61.550000000000004,0.0,0,0,0,0
C101151,8,20,45,West,web,Plus,11,16.22,0.353,0,0.222,0,0,0,178.42,0.0,0,1,0,0
C101153,13,55,23,North,app,Premium,2,17.88,0.192,0,0.003,0,0,0,35.76,0.0,0,0,0,1
C101154,4,74,52,South,web,Plus,9,13.0,0.285,0,0.1,0,0,0,117.0,0.0,0,0,0,0
C101155,6,52,8,Center,app,Basic,4,10.64,0.141,0,0.163,0,0,1,42.56,0.0,0,0,0,1
C101156,5,38,44,North,web,Plus,4,3.72,0.23,0,0.134,0,0,0,14.88,0.0,0,0,0,1
C101157,10,62,60,Center,app,Plus,3,11.21,0.423,2,0.125,0,0,0,33.63,0.03333333333333333,0,0,0,1
C101161,9,72,35,East,app,Plus,2,8.98,0.0,0,0.141,0,0,1,17.96,0.0,0,0,0,1
C101164,12,26,20,Center,app,Plus,7,15.09,0.374,2,0.081,0,0,1,105.63,0.1,0,0,0,0
C101166,10,33,27,South,app,Premium,3,16.79,0.109,0,0.048,0,0,0,50.37,0.0,0,0,0,1
C101168,3,36,46,East,app,Premium,6,5.6,0.156,1,0.02,0,1,0,33.599999999999994,0.021739130434782608,0,0,0,1
C101171,4,65,70,West,web,Plus,3,11.95,0.237,0,0.0,0,1,0,35.849999999999994,0.0,0,0,0,1
C101172,11,56,19,South,store,Plus,3,12.01,0.075,0,0.019,1,0,0,36.03,0.0,1,0,0,1
C101175,5,74,52,North,web,Plus,3,9.82,0.357,1,0.0,0,0,0,29.46,0.019230769230769232,0,0,0,1
C101176,1,39,6,South,app,Basic,4,13.43,0.239,0,0.056,0,1,1,53.72,0.0,0,0,0,1
C101177,4,52,17,South,app,Plus,5,14.07,0.113,0,0.099,0,0,0,70.35,0.0,0,0,0,0
C101180,3,63,41,West,app,Basic,6,5.4,0.159,1,0.08,0,0,0,32.400000000000006,0.024390243902439025,0,0,0,1
C101181,8,56,54,West,app,Plus,9,13.49,0.292,0,0.088,0,0,0,121.41,0.0,0,0,0,0
C101182,6,40,25,West,store,Basic,4,10.74,0.0,1,0.041,0,0,1,42.96,0.04,0,0,0,1
C101185,12,72,35,West,web,Plus,7,9.67,0.028,0,0.168,0,1,0,67.69,0.0,0,0,0,0
C101186,1,69,51,South,web,Basic,3,12.19,0.216,1,0.192,1,0,1,36.57,0.0196078431372549,1,0,0,1
C101187,9,52,16,East,web,Plus,4,9.8,0.0,2,0.0,2,0,1,39.2,0.125,1,0,0,1
C101188,11,61,20,South,web,Premium,3,12.27,0.13,0,0.0,0,0,0,36.81,0.0,0,0,0,1
C101191,4,47,65,South,app,Basic,5,20.08,0.301,1,0.0,0,0,1,100.39999999999999,0.015384615384615385,0,0,0,0
C101193,3,19,22,Center,app,Premium,2,9.87,0.101,0,0.013,0,0,1,19.74,0.0,0,0,0,1
C101194,6,40,19,North,web,Basic,8,15.91,0.089,0,0.184,0,0,0,127.28,0.0,0,0,0,0
C101197,1,57,14,Center,web,Premium,5,14.29,0.21,1,0.11,0,0,0,71.44999999999999,0.07142857142857142,0,0,0,0
C101199,4,41,67,East,app,Basic,4,10.96,0.088,1,0.0,0,0,1,43.84,0.014925373134328358,0,0,0,1
C101203,13,61,4,North,app,Plus,7,10.04,0.145,0,0.147,0,1,0,70.28,0.0,0,0,1,0
C101205,12,37,7,East,web,Premium,6,8.39,0.177,0,0.14,0,1,0,50.34,0.0,0,0,0,1
C101206,12,48,15,South,web,Basic,8,15.96,0.133,0,0.0,0,1,0,127.68,0.0,0,0,0,0
C101208,1,41,53,North,app,Premium,14,8.23,0.231,0,0.203,0,1,0,115.22,0.0,0,1,0,0
C101209,2,25,28,South,app,Plus,7,10.26,0.0,0,0.283,0,1,0,71.82,0.0,0,1,0,0
C101212,12,33,22,East,web,Plus,3,6.48,0.27,1,0.0,0,1,1,19.44,0.045454545454545456,0,0,0,1
C101214,10,73,59,Center,store,Basic,4,10.98,0.233,1,0.0,0,0,1,43.92,0.01694915254237288,0,0,0,1
C101216,13,49,10,North,app,Basic,4,19.67,0.167,0,0.206,0,1,0,78.68,0.0,0,1,0,0
C101218,6,18,62,East,web,Plus,6,8.77,0.247,0,0.147,1,0,0,52.62,0.0,1,0,0,1
C101219,13,33,33,North,web,Premium,5,16.24,0.003,0,0.231,0,0,0,81.19999999999999,0.0,0,1,0,0
C101221,2,69,39,East,app,Basic,4,6.2,0.343,1,0.258,0,0,0,24.8,0.02564102564102564,0,1,0,1
C101222,4,59,63,North,app,Basic,1,15.3,0.429,0,0.049,1,1,0,15.3,0.0,1,0,0,1
C101224,10,39,23,Center,app,Basic,2,7.09,0.136,0,0.1,0,0,0,14.18,0.0,0,0,0,1
C101225,2,66,1,West,web,Plus,7,11.3,0.21,2,0.0,0,0,0,79.10000000000001,2.0,0,0,1,0
C101227,6,40,43,South,store,Basic,4,10.08,0.119,1,0.0,0,1,0,40.32,0.023255813953488372,0,0,0,1
C101232,7,71,22,South,app,Premium,6,17.05,0.342,1,0.0,1,0,0,102.30000000000001,0.045454545454545456,1,0,0,0
C101236,10,21,34,West,app,Premium,1,8.31,0.096,0,0.053,0,0,0,8.31,0.0,0,0,0,1
C101237,13,63,8,South,app,Plus,8,18.64,0.248,0,0.236,1,1,0,149.12,0.0,1,1,0,0
C101239,7,57,45,South,web,Plus,4,13.03,0.14,1,0.314,2,1,0,52.12,0.022222222222222223,1,1,0,1
C101241,10,30,39,West,web,Basic,3,13.23,0.443,0,0.063,0,0,0,39.69,0.0,0,0,0,1
C101243,4,33,5,North,web,Basic,5,17.64,0.233,0,0.075,0,0,0,88.2,0.0,0,0,1,0
C101244,7,61,35,North,web,Premium,1,13.32,0.327,0,0.214,0,0,0,13.32,0.0,0,1,0,1
C101248,10,58,62,Center,app,Basic,3,14.24,0.257,0,0.0,1,0,1,42.72,0.0,1,0,0,1
C101250,3,42,40,North,web,Basic,5,16.1,0.018,0,0.0,0,0,1,80.5,0.0,0,0,0,0
C101252,8,35,61,West,store,Basic,6,7.91,0.232,0,0.17,0,0,0,47.46,0.0,0,0,0,1
C101253,7,64,57,West,app,Plus,5,12.78,0.365,0,0.0,0,0,0,63.9,0.0,0,0,0,0
C101254,4,47,27,North,web,Plus,5,6.4,0.17,1,0.0,0,1,1,32.0,0.037037037037037035,0,0,0,1
C101256,3,70,4,Center,app,Basic,0,4.1,0.246,2,0.077,1,1,1,0.0,0.5,1,0,1,1
C101257,1,47,66,East,app,Basic,8,18.33,0.301,0,0.125,0,0,1,146.64,0.0,0,0,0,0
C101259,9,20,3,North,app,Basic,8,7.1,0.216,1,0.247,0,1,0,56.8,0.3333333333333333,0,1,1,0
C101260,1,50,4,Center,app,Plus,8,14.02,0.209,0,0.006,0,0,0,112.16,0.0,0,0,1,0
C101261,12,49,16,North,app,Plus,5,8.6,0.214,0,0.0,1,1,1,43.0,0.0,1,0,0,1
C101265,8,22,37,Center,app,Basic,4,15.99,0.171,0,0.0,0,1,0,63.96,0.0,0,0,0,0
C101267,6,33,13,Center,app,Basic,10,9.43,0.188,0,0.0,3,1,0,94.3,0.0,1,0,0,0
C101269,13,61,41,East,store,Premium,4,9.85,0.259,0,0.335,0,0,0,39.4,0.0,0,1,0,1
C101270,9,64,36,North,web,Plus,4,12.83,0.105,0,0.0,0,0,0,51.32,0.0,0,0,0,1
C101271,9,52,52,East,app,Plus,4,10.23,0.078,1,0.037,0,0,1,40.92,0.019230769230769232,0,0,0,1
C101273,8,35,43,North,web,Plus,6,14.4,0.282,0,0.0,0,1,0,86.4,0.0,0,0,0,0
C101277,8,43,3,Center,store,Premium,4,16.09,0.254,0,0.107,0,0,0,64.36,0.0,0,0,1,0
C101278,13,58,10,West,web,Basic,7,5.65,0.186,1,0.0,2,0,0,39.550000000000004,0.1,1,0,0,1
C101279,1,67,29,North,app,Basic,8,11.15,0.053,0,0.261,1,1,0,89.2,0.0,1,1,0,0
C101280,10,70,32,North,store,Basic,3,8.48,0.19,0,0.107,0,0,0,25.44,0.0,0,0,0,1
C101282,5,58,6,East,app,Premium,3,10.99,0.226,0,0.068,1,1,0,32.97,0.0,1,0,0,1
C101283,5,61,6,North,app,Basic,2,13.89,0.188,1,0.328,1,1,1,27.78,0.16666666666666666,1,1,0,1
C101284,2,71,66,West,store,Basic,3,6.65,0.136,2,0.088,0,0,0,19.950000000000003,0.030303030303030304,0,0,0,1
C101286,12,29,23,South,app,Plus,5,22.48,0.4,0,0.157,0,0,0,112.4,0.0,0,0,0,0
C101292,5,27,13,West,web,Basic,4,13.26,0.192,0,0.0,0,0,0,53.04,0.0,0,0,0,1
C101296,2,24,68,West,store,Premium,7,16.32,0.263,1,0.186,0,1,0,114.24000000000001,0.014705882352941176,0,0,0,0
C101297,6,19,44,Center,web,Premium,5,11.64,0.353,0,0.1,1,1,0,58.2,0.0,1,0,0,0
C101298,1,36,51,North,web,Premium,6,16.06,0.227,1,0.0,0,0,0,96.35999999999999,0.0196078431372549,0,0,0,0
C101299,4,72,45,West,web,Plus,9,21.09,0.407,0,0.215,1,1,0,189.81,0.0,1,1,0,0
C101300,5,49,37,South,app,Plus,1,9.61,0.0,0,0.2,1,0,0,9.61,0.0,1,1,0,1
C101302,7,31,26,South,web,Plus,8,9.87,0.24,0,0.016,0,0,0,78.96,0.0,0,0,0,0
C101303,10,29,48,East,web,Plus,2,19.28,0.329,0,0.135,0,1,0,38.56,0.0,0,0,0,1
C101305,2,59,18,East,store,Plus,9,11.12,0.119,0,0.272,0,0,0,100.08,0.0,0,1,0,0
C101306,9,45,45,North,app,Basic,10,6.75,0.0,0,0.0,0,1,0,67.5,0.0,0,0,0,0
C101308,3,67,33,North,app,Plus,8,13.83,0.104,0,0.108,0,1,0,110.64,0.0,0,0,0,0
C101309,10,44,63,West,store,Basic,3,9.3,0.0,0,0.07,0,0,1,27.900000000000002,0.0,0,0,0,1
C101310,2,21,11,North,web,Plus,5,9.0,0.164,0,0.0,0,0,0,45.0,0.0,0,0,0,1
C101311,12,67,15,East,app,Plus,8,9.05,0.18,0,0.18,0,0,1,72.4,0.0,0,0,0,0
C101312,3,41,69,South,app,Basic,7,17.75,0.347,0,0.089,0,1,0,124.25,0.0,0,0,0,0
C101313,2,43,28,North,store,Premium,5,18.39,0.008,0,0.023,0,0,0,91.95,0.0,0,0,0,0
C101319,8,22,26,Center,app,Premium,7,9.61,0.052,0,0.0,0,0,0,67.27,0.0,0,0,0,0
C101322,7,52,5,North,app,Plus,5,19.31,0.331,0,0.288,0,1,0,96.55,0.0,0,1,1,0
C101324,6,28,45,North,app,Basic,6,11.99,0.068,1,0.0,0,1,0,71.94,0.022222222222222223,0,0,0,0
C101325,7,27,18,East,web,Basic,3,11.32,0.214,0,0.147,0,0,0,33.96,0.0,0,0,0,1
C101328,11,63,66,Center,app,Basic,2,13.51,0.055,0,0.0,0,1,0,27.02,0.0,0,0,0,1
C101330,8,43,44,South,app,Premium,5,17.66,0.337,1,0.134,0,1,0,88.3,0.022727272727272728,0,0,0,0
C101331,5,30,24,Center,app,Plus,3,16.91,0.246,0,0.0,0,1,0,50.730000000000004,0.0,0,0,0,1
C101333,12,60,63,South,web,Premium,6,11.1,0.0,0,0.148,1,0,0,66.6,0.0,1,0,0,0
C101334,8,68,1,North,app,Basic,4,13.32,0.119,0,0.172,0,0,0,53.28,0.0,0,0,1,1
C101336,13,53,4,East,web,Basic,2,19.59,0.08,0,0.277,0,0,0,39.18,0.0,0,1,1,1
C101337,7,33,71,North,web,Basic,6,18.51,0.25,0,0.0,0,0,0,111.06,0.0,0,0,0,0
C101338,10,22,38,Center,web,Plus,8,19.78,0.146,1,0.138,0,0,0,158.24,0.02631578947368421,0,0,0,0
C101339,9,50,59,Center,app,Basic,5,14.33,0.215,0,0.154,1,1,0,71.65,0.0,1,0,0,0
C101342,1,47,41,Center,web,Basic,3,6.33,0.238,0,0.056,1,1,0,18.990000000000002,0.0,1,0,0,1
C101343,1,22,17,East,store,Plus,5,16.29,0.185,1,0.115,0,0,0,81.44999999999999,0.058823529411764705,0,0,0,0
C101345,2,25,16,East,app,Plus,3,14.01,0.056,0,0.134,0,0,1,42.03,0.0,0,0,0,1
C101346,12,66,71,East,app,Premium,7,10.08,0.097,1,0.0,0,1,0,70.56,0.014084507042253521,0,0,0,0
C101347,8,68,54,North,web,Basic,8,13.63,0.0,0,0.098,0,0,0,109.04,0.0,0,0,0,0
C101348,10,64,63,South,web,Basic,6,18.61,0.16,0,0.209,0,0,0,111.66,0.0,0,1,0,0
C101349,6,45,59,South,web,Plus,4,14.26,0.017,0,0.079,0,1,0,57.04,0.0,0,0,0,0
C101351,2,63,16,Center,app,Basic,10,10.67,0.201,1,0.0,0,0,0,106.7,0.0625,0,0,0,0
C101352,5,37,29,Center,web,Plus,8,13.37,0.205,0,0.231,0,0,0,106.96,0.0,0,1,0,0
C101353,5,21,15,West,app,Plus,4,14.33,0.249,0,0.007,0,0,1,57.32,0.0,0,0,0,0
C101354,3,66,64,North,app,Plus,2,11.54,0.161,0,0.037,0,0,0,23.08,0.0,0,0,0,1
C101359,1,67,30,Center,web,Plus,2,14.49,0.212,1,0.164,0,0,0,28.98,0.03333333333333333,0,0,0,1
C101360,2,18,52,Center,app,Plus,9,12.52,0.221,0,0.022,0,1,0,112.67999999999999,0.0,0,0,0,0
C101361,11,18,36,North,web,Plus,3,10.0,0.322,0,0.135,0,0,1,30.0,0.0,0,0,0,1
C101362,1,45,60,East,app,Basic,10,7.75,0.305,0,0.0,0,1,0,77.5,0.0,0,0,0,0
C101365,9,39,4,Center,store,Basic,3,15.92,0.262,0,0.417,0,0,1,47.76,0.0,0,1,1,1
C101366,4,50,30,Center,web,Basic,3,8.81,0.123,0,0.09,0,1,0,26.43,0.0,0,0,0,1
C101367,2,61,14,East,web,Basic,5,14.03,0.133,1,0.036,0,1,0,70.14999999999999,0.07142857142857142,0,0,0,0
C101370,6,39,70,West,app,Basic,1,4.93,0.385,0,0.28,0,0,0,4.93,0.0,0,1,0,1
C101373,6,64,14,Center,app,Basic,4,14.79,0.345,0,0.159,0,1,0,59.16,0.0,0,0,0,0
C101374,13,42,10,South,web,Plus,2,16.02,0.568,1,0.11,2,1,1,32.04,0.1,1,0,0,1
C101377,13,43,27,East,store,Premium,4,14.02,0.13,0,0.014,0,0,0,56.08,0.0,0,0,0,0
C101378,2,60,15,South,app,Basic,7,7.82,0.134,0,0.147,1,0,0,54.74,0.0,1,0,0,0
C101385,2,40,57,South,web,Plus,6,15.08,0.419,1,0.126,0,0,0,90.48,0.017543859649122806,0,0,0,0
C101390,6,22,15,West,web,Premium,5,5.67,0.044,0,0.039,0,1,0,28.35,0.0,0,0,0,1
C101391,7,50,29,South,web,Basic,6,16.17,0.034,0,0.238,0,1,0,97.02000000000001,0.0,0,1,0,0
C101392,11,31,24,East,web,Plus,11,15.6,0.121,0,0.172,0,1,0,171.6,0.0,0,0,0,0
C101393,13,72,22,Center,app,Basic,3,13.13,0.0,0,0.055,0,0,0,39.39,0.0,0,0,0,1
C101394,10,50,17,North,app,Premium,2,18.89,0.021,0,0.0,0,0,0,37.78,0.0,0,0,0,1
C101396,10,47,26,North,web,Premium,5,4.08,0.001,0,0.043,1,0,1,20.4,0.0,1,0,0,1
C101398,10,62,46,Center,web,Plus,4,15.73,0.122,0,0.109,0,0,0,62.92,0.0,0,0,0,0
C101400,13,52,52,East,app,Premium,12,12.48,0.186,1,0.089,1,1,0,149.76,0.019230769230769232,1,0,0,0
C101402,4,57,11,East,web,Basic,4,15.29,0.227,1,0.0,0,0,1,61.16,0.09090909090909091,0,0,0,0
C101408,3,73,26,West,web,Basic,6,11.18,0.0,0,0.194,0,1,0,67.08,0.0,0,0,0,0
C101411,10,29,17,North,web,Plus,3,13.82,0.39,0,0.085,0,0,1,41.46,0.0,0,0,0,1
C101413,11,51,65,East,store,Plus,2,17.7,0.173,1,0.0,0,1,0,35.4,0.015384615384615385,0,0,0,1
C101416,7,28,35,North,web,Plus,1,6.2,0.057,0,0.08,0,0,1,6.2,0.0,0,0,0,1
C101419,1,53,59,South,app,Premium,5,15.8,0.216,0,0.063,0,0,0,79.0,0.0,0,0,0,0
C101421,4,64,58,North,app,Basic,2,10.9,0.008,0,0.032,1,0,0,21.8,0.0,1,0,0,1
C101422,11,51,29,Center,web,Basic,5,8.99,0.0,0,0.218,0,1,0,44.95,0.0,0,1,0,1
C101423,9,25,31,East,app,Plus,2,13.83,0.0,1,0.0,0,1,1,27.66,0.03225806451612903,0,0,0,1
C101424,6,65,22,East,store,Basic,2,10.33,0.259,0,0.179,0,0,1,20.66,0.0,0,0,0,1
C101426,8,66,6,West,app,Plus,7,17.75,0.216,0,0.098,0,0,0,124.25,0.0,0,0,0,0
C101427,9,59,12,North,app,Basic,6,13.37,0.227,2,0.078,1,0,1,80.22,0.16666666666666666,1,0,0,0
C101428,3,36,12,Center,app,Plus,7,17.81,0.324,0,0.096,0,0,0,124.66999999999999,0.0,0,0,0,0
C101429,7,40,47,Center,app,Basic,6,13.59,0.051,0,0.127,0,1,0,81.53999999999999,0.0,0,0,0,0
C101431,7,33,4,South,web,Basic,7,12.84,0.095,0,0.029,1,0,0,89.88,0.0,1,0,1,0
C101432,13,61,29,South,app,Basic,7,11.6,0.184,0,0.108,0,1,0,81.2,0.0,0,0,0,0
C101434,13,57,24,Center,app,Plus,4,18.43,0.056,0,0.178,0,0,1,73.72,0.0,0,0,0,0
C101435,6,48,63,North,app,Basic,4,9.74,0.318,0,0.28,0,1,0,38.96,0.0,0,1,0,1
C101440,12,26,35,East,web,Basic,5,9.65,0.165,0,0.197,0,1,0,48.25,0.0,0,0,0,1
C101445,3,70,41,East,app,Plus,4,6.65,0.0,1,0.0,0,0,0,26.6,0.024390243902439025,0,0,0,1
C101446,13,52,11,West,store,Premium,3,7.78,0.07,0,0.159,0,1,0,23.34,0.0,0,0,0,1
C101447,3,23,30,Center,web,Basic,6,9.68,0.185,0,0.0,0,0,1,58.08,0.0,0,0,0,0
C101449,7,32,44,East,web,Premium,10,6.14,0.299,0,0.042,0,0,0,61.4,0.0,0,0,0,0
C101450,7,59,48,North,app,Plus,5,17.27,0.211,1,0.043,0,0,0,86.35,0.020833333333333332,0,0,0,0
C101451,9,27,63,Center,app,Basic,7,1.0,0.147,0,0.021,0,0,1,7.0,0.0,0,0,0,1
C101452,3,52,5,North,store,Basic,3,12.93,0.446,0,0.156,1,0,1,38.79,0.0,1,0,1,1
C101453,9,66,52,Center,store,Basic,5,10.72,0.18,0,0.0,0,1,0,53.6,0.0,0,0,0,1
C101455,3,69,15,East,web,Premium,5,11.94,0.19,2,0.0,0,0,1,59.699999999999996,0.13333333333333333,0,0,0,0
C101457,13,20,40,South,app,Basic,3,10.61,0.302,0,0.139,0,1,0,31.83,0.0,0,0,0,1
C101459,13,36,40,South,web,Plus,1,9.17,0.033,1,0.01,0,1,1,9.17,0.025,0,0,0,1
C101461,5,28,1,Center,web,Basic,5,17.94,0.246,0,0.062,0,0,1,89.7,0.0,0,0,1,0
C101465,6,70,26,North,app,Basic,6,11.25,0.165,0,0.187,0,0,0,67.5,0.0,0,0,0,0
C101466,2,71,26,West,web,Plus,1,10.18,0.37,0,0.084,1,1,1,10.18,0.0,1,0,0,1
C101467,3,21,13,East,web,Plus,6,9.94,0.322,0,0.0,0,0,0,59.64,0.0,0,0,0,0
C101470,2,26,15,Center,app,Basic,4,11.92,0.182,1,0.015,2,1,0,47.68,0.06666666666666667,1,0,0,1
C101471,11,45,49,South,app,Premium,3,11.19,0.066,0,0.172,0,1,0,33.57,0.0,0,0,0,1
C101472,3,73,52,South,app,Premium,6,4.36,0.132,1,0.098,0,0,0,26.160000000000004,0.019230769230769232,0,0,0,1
C101476,6,45,50,North,app,Plus,3,14.94,0.108,1,0.119,0,0,1,44.82,0.02,0,0,0,1
C101478,12,57,66,South,web,Plus,6,1.0,0.305,0,0.0,0,0,0,6.0,0.0,0,0,0,1
C101479,5,26,55,West,store,Premium,4,9.15,0.168,0,0.01,1,0,0,36.6,0.0,1,0,0,1
C101480,5,68,64,North,web,Basic,9,11.91,0.0,0,0.0,0,1,0,107.19,0.0,0,0,0,0
C101482,8,51,66,Center,store,Plus,4,17.17,0.045,1,0.0,0,0,0,68.68,0.015151515151515152,0,0,0,0
C101484,11,61,39,Center,web,Basic,4,6.77,0.224,0,0.132,0,1,0,27.08,0.0,0,0,0,1
C101487,5,24,62,East,web,Basic,8,11.69,0.352,1,0.083,0,1,0,93.52,0.016129032258064516,0,0,0,0
C101489,13,64,12,Center,app,Basic,7,14.09,0.062,0,0.188,0,1,0,98.63,0.0,0,0,0,0
C101491,6,35,13,North,app,Plus,6,5.0,0.301,0,0.0,0,0,1,30.0,0.0,0,0,0,1
C101492,4,68,14,West,app,Premium,7,9.12,0.053,1,0.0,2,1,1,63.839999999999996,0.07142857142857142,1,0,0,0
C101493,6,62,37,South,web,Plus,7,11.03,0.073,2,0.0,1,1,0,77.21,0.05405405405405406,1,0,0,0
C101498,8,49,56,North,web,Basic,1,11.79,0.0,0,0.014,0,0,1,11.79,0.0,0,0,0,1
C101499,4,27,21,Center,store,Premium,4,14.91,0.07,0,0.0,0,0,0,59.64,0.0,0,0,0,0
C101504,11,31,30,East,store,Premium,3,6.87,0.204,0,0.174,0,0,0,20.61,0.0,0,0,0,1
C101506,13,45,49,Center,app,Basic,8,13.06,0.247,1,0.051,0,1,1,104.48,0.02040816326530612,0,0,0,0
C101507,4,27,34,East,store,Plus,6,14.16,0.312,0,0.023,0,0,0,84.96000000000001,0.0,0,0,0,0
C101509,3,25,6,East,web,Premium,6,9.18,0.216,0,0.125,0,0,0,55.08,0.0,0,0,0,0
C101510,6,29,25,West,store,Basic,7,13.64,0.038,1,0.0,0,0,1,95.48,0.04,0,0,0,0
C101511,12,34,1,West,app,Basic,7,12.89,0.331,0,0.151,0,1,0,90.23,0.0,0,0,1,0
C101512,5,73,69,North,web,Basic,7,10.94,0.0,0,0.127,0,1,0,76.58,0.0,0,0,0,0
C101513,7,20,46,West,web,Premium,4,16.72,0.24,0,0.122,0,0,0,66.88,0.0,0,0,0,0
C101516,8,72,46,Center,web,Plus,4,11.02,0.363,0,0.081,0,0,0,44.08,0.0,0,0,0,1
C101518,12,52,65,South,app,Basic,7,17.5,0.338,0,0.0,0,1,0,122.5,0.0,0,0,0,0
C101520,6,30,32,East,web,Basic,5,10.45,0.0,0,0.257,1,1,0,52.25,0.0,1,1,0,1
C101524,5,59,20,South,app,Basic,4,6.76,0.077,0,0.0,1,1,0,27.04,0.0,1,0,0,1
C101526,12,39,61,South,app,Basic,10,4.94,0.186,1,0.132,1,1,0,49.400000000000006,0.01639344262295082,1,0,0,1
C101529,13,36,13,East,app,Plus,4,8.39,0.169,0,0.011,0,0,0,33.56,0.0,0,0,0,1
C101534,9,30,55,West,web,Plus,8,14.26,0.094,1,0.212,0,0,0,114.08,0.01818181818181818,0,1,0,0
C101535,13,41,28,West,app,Plus,2,7.43,0.223,0,0.262,0,0,0,14.86,0.0,0,1,0,1
C101537,10,61,55,Center,web,Basic,4,8.13,0.284,0,0.079,0,1,0,32.52,0.0,0,0,0,1
C101538,1,67,41,West,web,Basic,7,13.03,0.201,1,0.108,0,0,0,91.21,0.024390243902439025,0,0,0,0
C101540,9,30,4,North,web,Premium,11,9.05,0.306,0,0.169,0,0,0,99.55000000000001,0.0,0,0,1,0
C101543,6,70,58,South,app,Premium,10,16.09,0.201,0,0.015,0,1,0,160.9,0.0,0,0,0,0
C101544,3,40,39,East,store,Basic,7,13.37,0.235,0,0.154,0,1,0,93.58999999999999,0.0,0,0,0,0
C101550,4,43,34,North,app,Basic,5,11.01,0.102,0,0.116,0,0,1,55.05,0.0,0,0,0,0
C101553,4,42,1,South,web,Plus,4,6.58,0.103,0,0.129,0,1,0,26.32,0.0,0,0,1,1
C101554,6,35,7,West,web,Basic,7,14.98,0.162,1,0.117,0,1,1,104.86,0.14285714285714285,0,0,0,0
C101556,5,63,24,North,app,Basic,6,10.24,0.179,0,0.0,1,0,0,61.44,0.0,1,0,0,0
C101561,3,58,35,South,app,Basic,5,13.55,0.23,1,0.181,1,0,1,67.75,0.02857142857142857,1,0,0,0
C101563,9,45,34,Center,web,Basic,1,10.73,0.125,1,0.004,2,1,1,10.73,0.029411764705882353,1,0,0,1
C101569,2,57,25,West,web,Premium,4,10.9,0.32,0,0.147,0,0,0,43.6,0.0,0,0,0,1
C101573,4,69,47,East,web,Basic,4,15.24,0.284,0,0.0,0,1,0,60.96,0.0,0,0,0,0
C101574,6,73,23,South,app,Basic,3,10.72,0.218,0,0.208,0,0,0,32.160000000000004,0.0,0,1,0,1
C101577,6,23,29,North,app,Plus,2,17.0,0.068,0,0.0,0,0,1,34.0,0.0,0,0,0,1
C101582,8,70,35,South,app,Basic,7,6.31,0.0,0,0.049,1,1,0,44.169999999999995,0.0,1,0,0,1
C101583,8,19,55,South,app,Plus,2,17.05,0.219,0,0.0,0,0,1,34.1,0.0,0,0,0,1
C101584,5,40,69,South,app,Plus,6,11.43,0.085,0,0.147,0,1,0,68.58,0.0,0,0,0,0
C101586,7,37,21,West,web,Plus,4,10.91,0.081,1,0.0,0,0,0,43.64,0.047619047619047616,0,0,0,1
C101587,9,52,28,Center,web,Plus,4,7.41,0.044,0,0.0,0,0,0,29.64,0.0,0,0,0,1
C101588,11,67,27,South,app,Premium,2,11.24,0.351,0,0.295,1,1,1,22.48,0.0,1,1,0,1
C101589,5,21,18,West,web,Basic,9,12.19,0.145,0,0.0,0,0,1,109.71,0.0,0,0,0,0
C101591,3,50,39,East,app,Premium,2,16.54,0.342,1,0.035,0,0,0,33.08,0.02564102564102564,0,0,0,1
C101595,10,50,59,East,app,Plus,5,7.82,0.29,0,0.047,0,0,0,39.1,0.0,0,0,0,1
C101596,13,42,52,Center,app,Plus,5,16.77,0.044,1,0.057,0,1,0,83.85,0.019230769230769232,0,0,0,0
C101598,9,66,52,South,app,Basic,8,16.52,0.442,0,0.0,0,0,0,132.16,0.0,0,0,0,0
C101600,7,53,28,South,app,Premium,7,15.38,0.27,1,0.01,0,0,0,107.66000000000001,0.03571428571428571,0,0,0,0
C101601,11,74,58,East,web,Basic,2,15.36,0.0,0,0.036,1,1,0,30.72,0.0,1,0,0,1
C101602,1,52,45,West,web,Plus,6,8.68,0.117,0,0.105,2,0,0,52.08,0.0,1,0,0,1
C101603,12,26,44,South,app,Plus,7,7.43,0.0,0,0.0,1,0,1,52.01,0.0,1,0,0,1
C101604,8,70,15,South,app,Plus,2,8.83,0.006,1,0.0,1,0,0,17.66,0.06666666666666667,1,0,0,1
C101605,13,64,10,Center,web,Plus,4,8.27,0.058,0,0.0,0,1,1,33.08,0.0,0,0,0,1
C101606,4,39,16,Center,app,Premium,6,10.89,0.213,0,0.073,0,1,0,65.34,0.0,0,0,0,0
C101607,10,41,30,Center,web,Basic,3,8.79,0.0,0,0.084,1,1,1,26.369999999999997,0.0,1,0,0,1
C101611,4,68,68,North,web,Basic,6,14.41,0.225,0,0.0,0,1,1,86.46000000000001,0.0,0,0,0,0
C101612,2,22,69,North,web,Basic,5,7.03,0.0,0,0.242,0,0,0,35.15,0.0,0,1,0,1
C101613,13,74,23,West,web,Premium,2,7.23,0.0,0,0.126,0,0,0,14.46,0.0,0,0,0,1
C101614,1,45,53,Center,app,Plus,1,21.55,0.0,0,0.26,0,0,0,21.55,0.0,0,1,0,1
C101615,12,33,32,East,app,Basic,3,16.75,0.226,0,0.221,1,0,0,50.25,0.0,1,1,0,1
C101616,10,30,57,West,app,Basic,7,13.27,0.254,0,0.0,1,0,1,92.89,0.0,1,0,0,0
C101622,10,56,27,South,app,Basic,2,7.89,0.258,1,0.225,0,0,1,15.78,0.037037037037037035,0,1,0,1
C101623,11,39,7,North,web,Premium,4,10.11,0.378,1,0.141,0,1,0,40.44,0.14285714285714285,0,0,0,1
C101624,13,40,27,East,app,Plus,7,11.33,0.358,0,0.182,0,0,0,79.31,0.0,0,0,0,0
C101625,10,71,28,North,app,Basic,8,11.54,0.108,1,0.044,1,0,1,92.32,0.03571428571428571,1,0,0,0
C101628,13,60,29,East,app,Plus,3,10.15,0.22,0,0.207,0,0,0,30.450000000000003,0.0,0,1,0,1
C101629,12,39,63,North,app,Basic,6,22.15,0.325,0,0.225,0,0,0,132.89999999999998,0.0,0,1,0,0
C101631,8,61,40,Center,app,Premium,1,5.47,0.15,0,0.152,0,1,0,5.47,0.0,0,0,0,1
C101634,6,41,13,East,app,Plus,2,14.8,0.0,0,0.053,0,1,1,29.6,0.0,0,0,0,1
C101636,8,30,6,North,web,Plus,4,20.11,0.055,0,0.0,1,1,1,80.44,0.0,1,0,0,0
C101637,9,40,30,East,app,Plus,6,5.93,0.109,1,0.116,0,1,0,35.58,0.03333333333333333,0,0,0,1
C101638,13,25,41,North,app,Basic,4,11.52,0.336,0,0.189,2,0,0,46.08,0.0,1,0,0,1
C101639,10,42,7,East,app,Basic,2,8.6,0.221,0,0.096,0,0,1,17.2,0.0,0,0,0,1
C101642,12,26,63,West,app,Basic,4,15.18,0.014,0,0.122,0,0,1,60.72,0.0,0,0,0,0
C101643,2,21,52,Center,app,Plus,10,6.26,0.156,0,0.106,0,1,0,62.599999999999994,0.0,0,0,0,0
C101644,8,65,30,Center,store,Plus,3,17.55,0.0,1,0.0,0,0,1,52.650000000000006,0.03333333333333333,0,0,0,1
C101645,7,60,23,West,web,Plus,2,10.53,0.066,1,0.082,1,1,0,21.06,0.043478260869565216,1,0,0,1
C101646,8,20,20,Center,web,Premium,11,7.9,0.097,0,0.114,0,0,0,86.9,0.0,0,0,0,0
C101648,4,44,36,Center,app,Premium,6,9.4,0.202,0,0.151,0,1,0,56.400000000000006,0.0,0,0,0,0
C101650,5,39,36,West,app,Basic,7,12.26,0.0,0,0.045,0,0,1,85.82,0.0,0,0,0,0
C101651,9,63,12,Center,app,Basic,4,7.12,0.075,2,0.123,0,0,1,28.48,0.16666666666666666,0,0,0,1
C101653,7,31,60,South,app,Plus,7,13.75,0.326,0,0.177,0,0,0,96.25,0.0,0,0,0,0
C101658,4,42,23,Center,web,Plus,6,6.11,0.455,2,0.105,0,1,0,36.660000000000004,0.08695652173913043,0,0,0,1
C101659,11,35,24,Center,app,Plus,4,11.87,0.097,0,0.0,0,0,0,47.48,0.0,0,0,0,1
C101660,8,47,69,West,app,Basic,7,10.47,0.338,0,0.059,0,0,0,73.29,0.0,0,0,0,0
C101661,4,61,52,Center,app,Basic,7,6.02,0.29,0,0.163,0,1,0,42.14,0.0,0,0,0,1
C101662,8,57,31,Center,app,Plus,3,12.2,0.276,1,0.057,0,0,1,36.599999999999994,0.03225806451612903,0,0,0,1
C101666,13,35,34,Center,app,Basic,3,4.08,0.268,0,0.159,0,0,1,12.24,0.0,0,0,0,1
C101667,9,54,54,East,app,Plus,14,14.4,0.0,2,0.033,1,0,0,201.6,0.037037037037037035,1,0,0,0
C101669,8,28,68,East,web,Plus,9,17.09,0.201,0,0.065,0,0,1,153.81,0.0,0,0,0,0
C101671,13,24,41,West,app,Plus,5,6.5,0.167,1,0.102,0,0,0,32.5,0.024390243902439025,0,0,0,1
C101672,7,74,14,South,app,Plus,8,22.04,0.043,0,0.045,0,0,0,176.32,0.0,0,0,0,0
C101673,9,57,46,West,app,Plus,5,22.46,0.326,0,0.23,0,0,0,112.30000000000001,0.0,0,1,0,0
C101675,9,61,23,South,web,Basic,2,14.24,0.019,1,0.081,0,0,1,28.48,0.043478260869565216,0,0,0,1
C101676,1,35,5,Center,app,Plus,3,1.66,0.154,0,0.0,0,0,0,4.9799999999999995,0.0,0,0,1,1
C101678,1,45,9,South,app,Basic,5,9.89,0.15,0,0.098,1,0,1,49.45,0.0,1,0,0,1
C101679,2,54,53,North,web,Plus,5,11.81,0.052,0,0.065,0,0,1,59.050000000000004,0.0,0,0,0,0
C101680,12,55,52,South,web,Premium,3,11.27,0.309,0,0.114,0,1,0,33.81,0.0,0,0,0,1
C101681,10,19,59,West,web,Premium,2,9.71,0.172,1,0.05,0,1,0,19.42,0.01694915254237288,0,0,0,1
C101682,4,60,23,North,app,Plus,7,6.78,0.111,0,0.004,0,0,0,47.46,0.0,0,0,0,1
C101686,11,71,7,North,web,Plus,4,17.35,0.0,0,0.081,1,0,1,69.4,0.0,1,0,0,0
C101687,4,32,26,South,web,Basic,7,8.75,0.294,1,0.087,0,0,1,61.25,0.038461538461538464,0,0,0,0
C101688,8,55,10,Center,app,Plus,6,15.04,0.167,0,0.025,1,0,0,90.24,0.0,1,0,0,0
C101689,3,37,45,West,web,Basic,10,16.75,0.16,0,0.045,0,0,0,167.5,0.0,0,0,0,0
C101691,1,52,26,East,app,Basic,5,14.04,0.208,1,0.203,0,0,0,70.19999999999999,0.038461538461538464,0,1,0,0
C101692,5,60,9,Center,store,Basic,7,9.13,0.358,0,0.098,0,0,0,63.910000000000004,0.0,0,0,0,0
C101693,13,51,69,West,store,Plus,1,9.78,0.005,0,0.161,0,0,0,9.78,0.0,0,0,0,1
C101694,6,61,16,East,app,Plus,6,22.51,0.018,0,0.086,0,1,0,135.06,0.0,0,0,0,0
C101695,13,26,57,North,store,Plus,2,14.51,0.26,0,0.0,0,0,1,29.02,0.0,0,0,0,1
C101697,4,58,66,West,web,Basic,5,7.01,0.112,0,0.0,0,1,0,35.05,0.0,0,0,0,1
C101698,11,28,43,South,web,Plus,1,13.29,0.287,1,0.102,0,0,0,13.29,0.023255813953488372,0,0,0,1
C101699,13,22,43,West,store,Basic,6,10.28,0.236,0,0.105,2,1,0,61.67999999999999,0.0,1,0,0,0
C101700,9,49,59,Center,app,Basic,4,11.37,0.322,2,0.0,0,1,0,45.48,0.03389830508474576,0,0,0,1
C101701,11,73,54,South,app,Premium,7,11.21,0.315,1,0.0,0,1,0,78.47,0.018518518518518517,0,0,0,0
C101703,2,29,68,Center,app,Plus,7,14.84,0.093,0,0.068,0,0,0,103.88,0.0,0,0,0,0
C101707,8,29,41,East,web,Premium,8,14.8,0.0,0,0.034,0,1,0,118.4,0.0,0,0,0,0
C101708,3,28,61,East,web,Plus,4,12.21,0.361,1,0.297,0,0,0,48.84,0.01639344262295082,0,1,0,1
C101712,8,43,67,South,web,Plus,5,11.09,0.192,1,0.043,0,1,0,55.45,0.014925373134328358,0,0,0,0
C101717,5,72,24,West,web,Premium,0,14.89,0.306,0,0.229,0,0,0,0.0,0.0,0,1,0,1
C101719,3,20,47,West,store,Basic,3,14.37,0.267,0,0.014,0,1,0,43.11,0.0,0,0,0,1
C101720,4,63,7,East,app,Plus,7,17.46,0.156,1,0.04,0,0,0,122.22,0.14285714285714285,0,0,0,0
C101722,9,68,45,South,app,Plus,3,5.65,0.182,0,0.089,0,0,0,16.950000000000003,0.0,0,0,0,1
C101725,3,58,62,Center,store,Plus,5,11.59,0.296,0,0.088,0,0,1,57.95,0.0,0,0,0,0
C101727,8,37,32,North,app,Plus,5,18.38,0.1,0,0.123,0,0,0,91.89999999999999,0.0,0,0,0,0
C101728,5,51,1,West,app,Premium,5,14.81,0.243,0,0.132,0,1,0,74.05,0.0,0,0,1,0
C101729,3,36,49,West,app,Basic,4,14.17,0.186,2,0.145,0,0,0,56.68,0.04081632653061224,0,0,0,0
C101730,13,71,71,East,web,Basic,7,13.5,0.222,1,0.238,0,1,0,94.5,0.014084507042253521,0,1,0,0
C101735,10,49,51,Center,web,Plus,3,12.83,0.051,0,0.0,0,1,0,38.49,0.0,0,0,0,1
C101736,5,26,16,East,web,Premium,3,7.75,0.316,0,0.0,0,1,0,23.25,0.0,0,0,0,1
C101737,12,22,65,North,app,Premium,8,14.65,0.297,0,0.054,0,1,0,117.2,0.0,0,0,0,0
C101738,1,60,63,Center,app,Basic,7,8.68,0.074,1,0.242,0,1,1,60.76,0.015873015873015872,0,1,0,0
C101739,2,29,54,Center,web,Basic,6,18.4,0.184,0,0.072,0,0,0,110.39999999999999,0.0,0,0,0,0
C101742,6,49,15,Center,web,Premium,3,15.05,0.105,0,0.0,0,0,0,45.150000000000006,0.0,0,0,0,1
C101743,2,22,45,West,app,Plus,4,17.82,0.222,0,0.096,0,1,1,71.28,0.0,0,0,0,0
C101745,3,19,52,East,app,Premium,3,11.86,0.158,2,0.023,0,0,0,35.58,0.038461538461538464,0,0,0,1
C101746,1,30,49,East,app,Plus,5,7.85,0.237,0,0.051,0,1,0,39.25,0.0,0,0,0,1
C101750,4,69,63,North,app,Basic,4,19.3,0.059,0,0.232,1,1,0,77.2,0.0,1,1,0,0
C101751,3,29,61,South,app,Premium,3,10.89,0.039,0,0.34,2,0,0,32.67,0.0,1,1,0,1
C101753,2,58,27,North,web,Plus,7,13.06,0.082,0,0.168,0,0,0,91.42,0.0,0,0,0,0
C101756,7,51,70,West,store,Premium,7,14.22,0.134,2,0.004,0,0,0,99.54,0.02857142857142857,0,0,0,0
C101758,11,40,7,South,app,Plus,3,12.68,0.232,0,0.003,0,1,0,38.04,0.0,0,0,0,1
C101759,11,72,57,East,app,Premium,7,12.47,0.086,1,0.003,1,1,0,87.29,0.017543859649122806,1,0,0,0
C101760,4,55,5,South,app,Basic,5,8.35,0.295,1,0.0,0,0,0,41.75,0.2,0,0,1,1
C101761,11,69,60,Center,app,Basic,5,17.04,0.25,0,0.093,0,1,0,85.19999999999999,0.0,0,0,0,0
C101762,13,28,52,South,web,Plus,7,12.14,0.118,0,0.0,0,0,0,84.98,0.0,0,0,0,0
C101763,9,54,71,East,app,Basic,4,9.71,0.011,0,0.186,0,1,0,38.84,0.0,0,0,0,1
C101767,5,36,36,North,app,Premium,0,13.96,0.15,0,0.118,0,0,1,0.0,0.0,0,0,0,1
C101768,2,42,18,North,app,Basic,5,12.08,0.234,0,0.096,0,0,0,60.4,0.0,0,0,0,0
C101769,10,19,27,East,store,Plus,8,14.16,0.044,0,0.08,1,1,0,113.28,0.0,1,0,0,0
C101771,1,30,53,Center,web,Plus,1,11.32,0.205,1,0.036,0,1,0,11.32,0.018867924528301886,0,0,0,1
C101772,12,74,36,West,web,Basic,2,9.98,0.207,1,0.0,2,0,0,19.96,0.027777777777777776,1,0,0,1
C101773,5,19,69,North,app,Basic,7,10.11,0.213,0,0.085,0,0,0,70.77,0.0,0,0,0,0
C101783,8,69,56,North,app,Plus,8,3.96,0.277,0,0.0,1,0,0,31.68,0.0,1,0,0,1
C101784,8,42,51,East,store,Plus,10,7.33,0.267,0,0.033,0,0,0,73.3,0.0,0,0,0,0
C101786,2,47,70,West,web,Basic,2,9.58,0.076,0,0.093,1,0,0,19.16,0.0,1,0,0,1
C101788,11,28,10,East,web,Plus,4,8.16,0.171,1,0.159,0,1,1,32.64,0.1,0,0,0,1
C101789,3,22,37,Center,app,Premium,3,17.84,0.0,1,0.188,0,0,0,53.519999999999996,0.02702702702702703,0,0,0,1
C101790,13,55,67,South,app,Basic,10,9.09,0.148,0,0.153,0,0,0,90.9,0.0,0,0,0,0
C101793,10,56,7,East,app,Basic,4,9.95,0.196,1,0.233,0,0,0,39.8,0.14285714285714285,0,1,0,1
C101795,7,49,1,South,web,Plus,11,20.74,0.425,1,0.023,0,1,0,228.14,1.0,0,0,1,0
C101796,12,56,50,South,app,Basic,6,14.41,0.0,0,0.0,0,1,0,86.46000000000001,0.0,0,0,0,0
C101797,2,53,38,Center,app,Basic,4,15.44,0.415,0,0.1,1,1,0,61.76,0.0,1,0,0,0
C101800,4,74,46,Center,app,Basic,8,14.75,0.192,2,0.003,1,0,0,118.0,0.043478260869565216,1,0,0,0
C101802,5,31,71,West,app,Basic,6,5.51,0.179,0,0.212,0,0,0,33.06,0.0,0,1,0,1
C101803,7,51,13,West,web,Premium,3,16.66,0.075,0,0.0,0,0,0,49.980000000000004,0.0,0,0,0,1
C101805,7,72,61,Center,web,Basic,1,17.2,0.064,0,0.0,0,0,1,17.2,0.0,0,0,0,1
C101806,10,60,41,East,app,Premium,5,4.87,0.102,0,0.0,0,0,1,24.35,0.0,0,0,0,1
C101807,11,64,20,South,app,Basic,5,9.77,0.194,0,0.118,1,0,0,48.849999999999994,0.0,1,0,0,1
C101808,8,70,46,East,app,Plus,7,18.0,0.273,0,0.007,0,0,0,126.0,0.0,0,0,0,0
C101811,8,47,51,West,app,Plus,4,11.7,0.282,1,0.071,0,0,1,46.8,0.0196078431372549,0,0,0,1
C101812,1,29,63,South,app,Basic,3,16.49,0.223,1,0.136,0,1,0,49.47,0.015873015873015872,0,0,0,1
C101813,12,18,11,West,app,Basic,4,12.34,0.383,0,0.079,0,1,0,49.36,0.0,0,0,0,1
C101814,12,24,61,South,web,Basic,3,11.94,0.457,0,0.125,0,1,0,35.82,0.0,0,0,0,1
C101818,9,25,45,Center,app,Basic,6,22.38,0.222,1,0.235,0,1,0,134.28,0.022222222222222223,0,1,0,0
C101820,9,39,39,Center,app,Premium,5,16.91,0.059,0,0.0,0,1,0,84.55,0.0,0,0,0,0
C101825,5,62,48,West,web,Plus,5,16.81,0.0,2,0.145,0,0,0,84.05,0.041666666666666664,0,0,0,0
C101826,6,33,48,West,web,Plus,6,14.43,0.103,1,0.0,0,0,0,86.58,0.020833333333333332,0,0,0,0
C101827,1,43,63,East,app,Plus,6,10.51,0.141,1,0.005,0,0,0,63.06,0.015873015873015872,0,0,0,0
C101831,2,20,9,East,web,Basic,5,14.85,0.135,0,0.266,0,0,1,74.25,0.0,0,1,0,0
C101834,1,36,18,East,app,Plus,8,10.38,0.139,0,0.052,0,0,0,83.04,0.0,0,0,0,0
C101838,10,70,49,Center,web,Premium,4,14.11,0.24,1,0.043,0,0,0,56.44,0.02040816326530612,0,0,0,0
C101839,11,67,7,North,app,Premium,5,14.52,0.0,0,0.152,1,0,1,72.6,0.0,1,0,0,0
C101840,13,74,9,North,store,Basic,9,7.07,0.187,0,0.0,0,0,1,63.63,0.0,0,0,0,0
C101842,3,69,40,South,web,Basic,7,14.95,0.232,0,0.033,0,1,0,104.64999999999999,0.0,0,0,0,0
C101843,7,35,39,West,web,Plus,4,5.98,0.068,0,0.0,0,0,0,23.92,0.0,0,0,0,1
C101844,3,38,19,North,web,Plus,3,16.29,0.0,0,0.072,0,0,1,48.87,0.0,0,0,0,1
C101848,3,58,41,North,app,Plus,4,12.3,0.212,0,0.103,0,1,0,49.2,0.0,0,0,0,1
C101849,3,43,1,West,app,Basic,6,16.86,0.07,1,0.162,0,1,1,101.16,1.0,0,0,1,0
C101850,7,64,36,North,app,Basic,2,9.46,0.347,0,0.048,0,0,0,18.92,0.0,0,0,0,1
C101852,5,30,35,East,web,Plus,2,20.68,0.425,2,0.102,0,1,0,41.36,0.05714285714285714,0,0,0,1
C101853,11,58,63,East,store,Basic,5,16.84,0.2,0,0.174,0,0,0,84.2,0.0,0,0,0,0
C101854,1,57,3,West,app,Basic,6,8.8,0.229,0,0.0,1,1,0,52.800000000000004,0.0,1,0,1,1
C101856,2,52,18,North,app,Plus,4,10.17,0.189,0,0.139,1,1,1,40.68,0.0,1,0,0,1
C101860,1,74,51,Center,web,Plus,6,12.21,0.257,0,0.0,0,0,0,73.26,0.0,0,0,0,0
C101861,11,36,18,North,store,Basic,2,7.4,0.287,0,0.046,0,0,0,14.8,0.0,0,0,0,1
C101865,5,71,30,Center,store,Basic,4,17.0,0.115,2,0.224,0,0,0,68.0,0.06666666666666667,0,1,0,0
C101866,9,43,71,East,web,Basic,6,16.84,0.144,0,0.028,0,1,1,101.03999999999999,0.0,0,0,0,0
C101867,10,46,35,Center,web,Basic,7,20.64,0.499,0,0.016,1,0,1,144.48000000000002,0.0,1,0,0,0
C101871,12,20,49,West,web,Basic,4,16.47,0.0,0,0.0,0,0,0,65.88,0.0,0,0,0,0
C101876,6,59,44,South,web,Basic,4,17.37,0.203,0,0.3,0,1,0,69.48,0.0,0,1,0,0
C101877,10,21,37,Center,app,Plus,3,15.1,0.175,1,0.064,0,1,1,45.3,0.02702702702702703,0,0,0,1
C101879,11,47,55,North,app,Plus,5,11.84,0.0,0,0.064,0,0,0,59.2,0.0,0,0,0,0
C101881,1,46,29,North,app,Basic,7,12.94,0.205,1,0.273,0,0,0,90.58,0.034482758620689655,0,1,0,0
C101882,3,55,44,Center,web,Plus,5,8.1,0.131,0,0.254,1,1,0,40.5,0.0,1,1,0,1
C101883,9,42,19,South,app,Basic,6,10.94,0.229,0,0.141,0,1,1,65.64,0.0,0,0,0,0
C101884,9,70,57,Center,web,Plus,7,8.14,0.052,1,0.12,0,0,1,56.980000000000004,0.017543859649122806,0,0,0,0
C101885,5,72,65,North,app,Basic,6,13.36,0.033,0,0.162,1,0,1,80.16,0.0,1,0,0,0
C101886,2,38,36,North,app,Premium,9,7.9,0.073,0,0.0,0,1,0,71.10000000000001,0.0,0,0,0,0
C101888,9,31,4,North,web,Basic,8,10.04,0.021,0,0.088,0,0,0,80.32,0.0,0,0,1,0
C101889,1,25,51,Center,web,Premium,8,8.21,0.12,0,0.034,2,0,0,65.68,0.0,1,0,0,0
C101890,8,54,32,South,web,Plus,2,9.54,0.067,1,0.026,0,0,1,19.08,0.03125,0,0,0,1
C101891,1,26,12,North,web,Plus,4,6.49,0.113,0,0.0,0,1,1,25.96,0.0,0,0,0,1
C101898,12,72,51,West,store,Plus,4,15.76,0.109,0,0.055,0,0,0,63.04,0.0,0,0,0,0
C101899,11,59,20,West,web,Plus,10,13.79,0.206,1,0.0,0,1,0,137.89999999999998,0.05,0,0,0,0
C101900,4,67,62,East,web,Plus,7,12.75,0.038,0,0.158,0,0,0,89.25,0.0,0,0,0,0
C101901,13,50,45,West,app,Plus,8,12.18,0.193,1,0.073,0,0,0,97.44,0.022222222222222223,0,0,0,0
C101902,11,24,46,North,web,Basic,5,8.03,0.273,0,0.031,1,1,0,40.15,0.0,1,0,0,1
C101905,7,64,28,North,app,Plus,6,14.13,0.255,1,0.18,0,1,0,84.78,0.03571428571428571,0,0,0,0
C101906,13,41,23,South,app,Basic,4,18.94,0.0,2,0.077,0,0,0,75.76,0.08695652173913043,0,0,0,0
C101910,5,74,20,Center,app,Premium,6,8.74,0.154,0,0.101,0,0,0,52.44,0.0,0,0,0,1
C101916,7,40,26,Center,store,Plus,1,11.5,0.348,0,0.057,0,0,0,11.5,0.0,0,0,0,1
C101918,1,32,2,North,app,Basic,2,21.42,0.057,0,0.095,0,1,1,42.84,0.0,0,0,1,1
C101920,6,40,10,North,app,Basic,3,5.07,0.277,0,0.118,0,0,0,15.21,0.0,0,0,0,1
C101921,13,42,13,South,store,Premium,3,19.72,0.232,0,0.134,0,1,0,59.16,0.0,0,0,0,0
C101922,13,27,61,Center,store,Basic,4,10.83,0.08,0,0.02,1,0,0,43.32,0.0,1,0,0,1
C101923,12,55,25,Center,app,Basic,6,13.37,0.215,0,0.097,1,0,0,80.22,0.0,1,0,0,0
C101927,1,32,64,North,store,Plus,1,16.54,0.209,0,0.041,1,1,1,16.54,0.0,1,0,0,1
C101928,12,59,53,Center,app,Basic,6,14.38,0.063,0,0.255,0,0,0,86.28,0.0,0,1,0,0
C101929,13,19,55,West,store,Basic,2,9.97,0.0,0,0.059,0,0,1,19.94,0.0,0,0,0,1
C101930,12,61,10,North,web,Plus,10,11.54,0.101,0,0.113,0,1,0,115.39999999999999,0.0,0,0,0,0
C101932,3,59,63,Center,app,Basic,6,12.06,0.206,0,0.134,1,0,0,72.36,0.0,1,0,0,0
C101934,9,68,3,Center,app,Basic,7,9.98,0.0,1,0.0,1,1,0,69.86,0.3333333333333333,1,0,1,0
C101938,9,66,3,Center,web,Basic,3,11.7,0.164,0,0.13,0,1,0,35.099999999999994,0.0,0,0,1,1
C101939,8,55,44,South,web,Plus,4,9.21,0.0,0,0.146,1,0,0,36.84,0.0,1,0,0,1
C101940,5,70,19,East,app,Basic,5,18.0,0.155,1,0.0,0,0,0,90.0,0.05263157894736842,0,0,0,0
C101941,9,27,26,South,app,Premium,11,10.03,0.07,1,0.027,2,0,1,110.33,0.038461538461538464,1,0,0,0
C101942,6,47,3,Center,web,Plus,8,17.09,0.11,0,0.128,0,0,0,136.72,0.0,0,0,1,0
C101943,7,69,60,South,app,Premium,4,12.46,0.215,0,0.0,1,0,0,49.84,0.0,1,0,0,1
C101945,7,72,40,North,store,Premium,7,3.68,0.307,0,0.0,0,0,0,25.76,0.0,0,0,0,1
C101946,2,73,15,West,app,Basic,6,19.62,0.34,0,0.153,0,1,1,117.72,0.0,0,0,0,0
C101948,8,59,13,East,web,Premium,5,10.2,0.309,0,0.164,0,1,0,51.0,0.0,0,0,0,1
C101949,8,44,18,Center,app,Basic,8,9.14,0.0,0,0.099,0,1,0,73.12,0.0,0,0,0,0
C101950,4,55,55,East,app,Basic,5,16.13,0.112,0,0.082,0,0,0,80.64999999999999,0.0,0,0,0,0
C101952,1,60,11,East,store,Plus,3,7.95,0.101,0,0.0,0,1,1,23.85,0.0,0,0,0,1
C101954,12,51,66,Center,app,Plus,6,15.61,0.0,1,0.056,0,0,0,93.66,0.015151515151515152,0,0,0,0
C101955,1,63,10,East,web,Basic,4,9.72,0.312,0,0.0,0,0,1,38.88,0.0,0,0,0,1
C101957,1,34,43,South,store,Basic,7,11.26,0.0,0,0.055,0,0,0,78.82,0.0,0,0,0,0
C101958,1,60,3,West,app,Premium,5,11.89,0.255,1,0.101,0,0,0,59.45,0.3333333333333333,0,0,1,0
C101961,2,37,21,North,app,Plus,2,9.65,0.317,0,0.0,1,1,0,19.3,0.0,1,0,0,1
C101964,11,30,55,West,store,Basic,3,12.09,0.202,0,0.0,0,0,0,36.269999999999996,0.0,0,0,0,1
C101965,4,70,11,Center,app,Basic,7,5.82,0.155,1,0.085,1,0,0,40.74,0.09090909090909091,1,0,0,1
C101966,7,51,55,South,app,Basic,2,7.27,0.167,0,0.042,0,0,0,14.54,0.0,0,0,0,1
C101967,8,21,43,West,app,Basic,7,9.04,0.35,1,0.0,1,0,0,63.279999999999994,0.023255813953488372,1,0,0,0
C101968,3,33,58,South,web,Premium,8,10.23,0.182,1,0.003,0,1,0,81.84,0.017241379310344827,0,0,0,0
C101969,9,64,55,Center,app,Basic,6,14.76,0.359,0,0.0,0,0,0,88.56,0.0,0,0,0,0
C101971,7,48,9,West,app,Basic,5,21.47,0.264,0,0.083,0,1,0,107.35,0.0,0,0,0,0
C101972,11,46,33,South,web,Plus,6,7.14,0.062,2,0.116,0,0,1,42.839999999999996,0.06060606060606061,0,0,0,1
C101973,11,39,38,North,app,Plus,3,12.01,0.12,0,0.0,0,1,0,36.03,0.0,0,0,0,1
C101975,7,37,39,South,store,Plus,6,7.42,0.203,0,0.134,1,0,0,44.519999999999996,0.0,1,0,0,1
C101977,6,21,8,Center,app,Premium,5,13.31,0.067,0,0.105,0,1,0,66.55,0.0,0,0,0,0
C101978,6,48,25,South,web,Basic,5,9.79,0.137,1,0.185,0,0,1,48.949999999999996,0.04,0,0,0,1
C101979,3,32,38,North,app,Basic,6,10.57,0.062,0,0.002,0,0,0,63.42,0.0,0,0,0,0
C101987,2,72,7,West,web,Basic,4,14.19,0.214,0,0.0,0,0,0,56.76,0.0,0,0,0,0
C101988,3,42,50,North,web,Basic,3,11.89,0.204,0,0.0,0,0,0,35.67,0.0,0,0,0,1
C101989,1,73,25,North,web,Basic,4,13.68,0.148,1,0.0,0,0,0,54.72,0.04,0,0,0,0
C101990,8,25,39,East,store,Basic,3,15.92,0.154,1,0.002,1,0,0,47.76,0.02564102564102564,1,0,0,1
C101993,1,63,29,South,web,Premium,7,15.67,0.132,1,0.0,0,0,0,109.69,0.034482758620689655,0,0,0,0
C101994,12,64,40,North,web,Premium,4,10.19,0.307,0,0.167,1,0,0,40.76,0.0,1,0,0,1
C101996,3,27,42,South,web,Premium,4,13.73,0.103,0,0.05,0,0,0,54.92,0.0,0,0,0,0
C101998,13,42,64,Center,app,Plus,8,14.88,0.144,0,0.053,1,0,1,119.04,0.0,1,0,0,0
C101999,8,29,17,North,app,Plus,6,14.48,0.305,1,0.0,1,0,1,86.88,0.058823529411764705,1,0,0,0
C102000,13,53,8,North,store,Premium,6,14.82,0.534,0,0.168,0,0,0,88.92,0.0,0,0,0,0
C102005,3,53,69,West,web,Plus,6,19.67,0.0,0,0.07,0,1,0,118.02000000000001,0.0,0,0,0,0
C102007,1,47,65,South,app,Basic,8,6.82,0.273,0,0.03,0,1,0,54.56,0.0,0,0,0,1
C102011,8,47,53,West,web,Premium,4,9.93,0.239,0,0.005,0,0,0,39.72,0.0,0,0,0,1
C102013,13,34,61,South,web,Premium,11,10.22,0.299,0,0.213,1,0,0,112.42,0.0,1,1,0,0
C102014,12,49,21,North,app,Basic,2,18.05,0.206,1,0.0,0,1,0,36.1,0.047619047619047616,0,0,0,1
C102015,1,25,15,North,app,Basic,8,12.13,0.047,2,0.07,0,1,0,97.04,0.13333333333333333,0,0,0,0
C102018,8,24,50,South,store,Basic,4,9.64,0.267,1,0.022,0,1,1,38.56,0.02,0,0,0,1
C102020,4,69,22,South,app,Basic,10,10.04,0.209,0,0.2,0,1,0,100.39999999999999,0.0,0,1,0,0
C102022,5,59,14,South,app,Premium,6,23.37,0.0,1,0.065,0,0,1,140.22,0.07142857142857142,0,0,0,0
C102026,11,33,38,South,store,Plus,4,7.46,0.119,0,0.101,0,1,0,29.84,0.0,0,0,0,1
C102027,13,33,10,Center,web,Plus,1,15.89,0.173,0,0.018,0,1,1,15.89,0.0,0,0,0,1
C102028,3,60,21,East,app,Plus,5,11.87,0.362,1,0.139,0,0,0,59.349999999999994,0.047619047619047616,0,0,0,0
C102029,11,25,67,Center,app,Plus,3,6.72,0.23,1,0.0,1,0,1,20.16,0.014925373134328358,1,0,0,1
C102032,5,67,23,West,app,Plus,6,7.54,0.026,0,0.0,0,0,0,45.24,0.0,0,0,0,1
C102033,4,51,65,East,web,Plus,4,13.01,0.235,2,0.0,0,0,0,52.04,0.03076923076923077,0,0,0,1
C102036,4,24,66,East,web,Plus,7,16.02,0.239,0,0.05,0,0,0,112.14,0.0,0,0,0,0
C102037,7,42,24,Center,app,Basic,8,3.27,0.356,0,0.138,1,0,0,26.16,0.0,1,0,0,1
C102039,8,29,16,South,app,Basic,2,12.34,0.0,0,0.092,0,0,1,24.68,0.0,0,0,0,1
C102043,10,34,7,Center,app,Plus,5,12.52,0.38,0,0.0,0,1,1,62.599999999999994,0.0,0,0,0,0
C102044,12,62,27,North,app,Premium,3,7.62,0.159,0,0.0,0,1,0,22.86,0.0,0,0,0,1
C102046,3,71,68,North,app,Basic,4,8.64,0.032,0,0.092,0,1,0,34.56,0.0,0,0,0,1
C102049,6,69,68,North,web,Premium,4,12.74,0.242,0,0.124,0,0,0,50.96,0.0,0,0,0,1
C102051,6,32,54,Center,app,Plus,5,14.27,0.151,0,0.079,0,1,0,71.35,0.0,0,0,0,0
C102052,3,42,25,Center,web,Basic,3,7.81,0.157,0,0.129,0,0,0,23.43,0.0,0,0,0,1
C102055,11,35,37,Center,web,Plus,8,6.94,0.163,1,0.053,0,1,0,55.52,0.02702702702702703,0,0,0,0
C102056,8,53,38,Center,app,Plus,8,9.6,0.209,0,0.085,0,0,0,76.8,0.0,0,0,0,0
C102064,2,52,41,East,web,Basic,1,19.42,0.139,0,0.148,0,1,0,19.42,0.0,0,0,0,1
C102066,6,64,63,East,store,Basic,3,13.51,0.056,0,0.054,0,1,0,40.53,0.0,0,0,0,1
C102067,11,23,20,Center,web,Basic,1,13.25,0.164,0,0.151,0,1,0,13.25,0.0,0,0,0,1
C102068,13,66,4,Center,web,Basic,7,8.96,0.214,0,0.025,0,0,0,62.720000000000006,0.0,0,0,1,0
C102070,3,18,64,North,app,Basic,6,11.67,0.391,0,0.231,1,0,0,70.02,0.0,1,1,0,0
C102074,11,58,5,South,app,Plus,4,13.39,0.0,0,0.108,1,0,0,53.56,0.0,1,0,1,1
C102075,4,35,24,East,web,Premium,3,10.46,0.13,1,0.0,0,0,0,31.380000000000003,0.041666666666666664,0,0,0,1
C102077,5,72,2,East,app,Basic,5,17.45,0.028,0,0.075,0,1,0,87.25,0.0,0,0,1,0
C102082,1,36,51,North,web,Plus,9,12.21,0.349,0,0.183,0,1,0,109.89000000000001,0.0,0,0,0,0
C102087,7,44,18,Center,app,Basic,7,17.77,0.436,0,0.0,0,1,1,124.39,0.0,0,0,0,0
C102088,1,49,9,South,app,Plus,9,8.52,0.176,0,0.196,0,0,0,76.67999999999999,0.0,0,0,0,0
C102091,10,36,20,South,web,Basic,4,7.4,0.125,0,0.177,1,0,1,29.6,0.0,1,0,0,1
C102092,3,50,12,South,web,Premium,11,16.89,0.185,0,0.105,0,0,0,185.79000000000002,0.0,0,0,0,0
C102094,5,64,46,North,app,Premium,3,9.17,0.258,0,0.106,0,0,0,27.509999999999998,0.0,0,0,0,1
C102095,12,64,35,South,web,Premium,6,7.81,0.157,0,0.127,0,1,0,46.86,0.0,0,0,0,1
C102096,9,48,9,North,app,Basic,3,8.61,0.416,0,0.224,0,0,1,25.83,0.0,0,1,0,1
C102098,9,42,37,West,app,Plus,7,15.11,0.0,1,0.0,0,1,1,105.77,0.02702702702702703,0,0,0,0
C102101,5,25,6,West,store,Basic,2,6.93,0.265,2,0.0,0,1,1,13.86,0.3333333333333333,0,0,0,1
C102102,4,28,10,South,app,Basic,3,15.27,0.168,0,0.0,0,0,0,45.81,0.0,0,0,0,1
C102104,9,22,50,West,app,Basic,6,14.14,0.088,1,0.0,0,1,0,84.84,0.02,0,0,0,0
C102107,11,42,19,Center,web,Basic,5,6.49,0.419,0,0.152,0,1,1,32.45,0.0,0,0,0,1
C102108,12,69,42,East,app,Premium,5,15.74,0.238,0,0.0,0,1,0,78.7,0.0,0,0,0,0
C102109,3,67,60,Center,store,Basic,6,12.87,0.176,1,0.161,0,0,0,77.22,0.016666666666666666,0,0,0,0
C102111,13,40,26,Center,store,Basic,4,4.7,0.181,0,0.108,0,0,1,18.8,0.0,0,0,0,1
C102112,3,64,17,North,web,Plus,3,9.23,0.0,0,0.031,0,0,1,27.69,0.0,0,0,0,1
C102113,7,47,30,North,app,Basic,5,8.85,0.178,0,0.088,1,0,0,44.25,0.0,1,0,0,1
C102115,13,24,34,South,store,Plus,4,17.92,0.0,0,0.091,0,0,0,71.68,0.0,0,0,0,0
C102116,8,58,11,Center,web,Basic,8,15.79,0.103,1,0.311,1,1,0,126.32,0.09090909090909091,1,1,0,0
C102118,6,30,40,East,app,Premium,7,16.88,0.297,1,0.199,0,0,0,118.16,0.025,0,0,0,0
C102120,8,48,30,East,web,Basic,4,12.62,0.0,0,0.17,0,0,0,50.48,0.0,0,0,0,1
C102123,4,32,68,Center,web,Basic,8,14.65,0.002,0,0.089,1,1,0,117.2,0.0,1,0,0,0
C102124,5,64,40,Center,web,Plus,3,6.81,0.052,0,0.003,1,0,0,20.43,0.0,1,0,0,1
C102125,13,74,19,Center,app,Premium,6,15.54,0.233,0,0.0,0,0,0,93.24,0.0,0,0,0,0
C102127,8,59,13,South,app,Plus,11,4.13,0.371,0,0.246,0,1,0,45.43,0.0,0,1,0,1
C102128,10,61,39,West,store,Basic,7,11.44,0.219,1,0.192,0,0,0,80.08,0.02564102564102564,0,0,0,0
C102131,4,41,23,East,app,Plus,8,12.19,0.272,1,0.046,0,0,1,97.52,0.043478260869565216,0,0,0,0
C102133,11,62,17,East,web,Basic,5,10.09,0.321,1,0.079,1,0,0,50.45,0.058823529411764705,1,0,0,1
C102134,11,48,20,South,app,Premium,4,9.66,0.253,0,0.288,0,0,0,38.64,0.0,0,1,0,1
C102135,5,28,6,Center,app,Basic,3,5.51,0.316,0,0.144,1,0,1,16.53,0.0,1,0,0,1
C102136,7,65,12,East,web,Plus,8,13.2,0.141,1,0.079,0,0,0,105.6,0.08333333333333333,0,0,0,0
C102137,13,54,44,North,web,Plus,10,12.35,0.379,0,0.06,0,1,0,123.5,0.0,0,0,0,0
C102138,11,50,17,North,web,Premium,7,18.91,0.212,1,0.123,0,1,0,132.37,0.058823529411764705,0,0,0,0
C102141,2,47,63,South,app,Premium,2,6.5,0.039,1,0.218,0,1,0,13.0,0.015873015873015872,0,1,0,1
C102142,4,39,60,Center,store,Plus,4,3.8,0.072,0,0.0,0,0,0,15.2,0.0,0,0,0,1
C102145,5,44,32,West,store,Basic,6,13.96,0.06,0,0.035,0,1,1,83.76,0.0,0,0,0,0
C102146,10,28,45,East,app,Plus,6,11.99,0.29,0,0.169,0,1,0,71.94,0.0,0,0,0,0
C102147,11,44,70,Center,app,Basic,3,12.02,0.121,1,0.154,0,1,0,36.06,0.014285714285714285,0,0,0,1
C102150,10,72,60,West,store,Plus,4,13.69,0.101,1,0.192,0,0,0,54.76,0.016666666666666666,0,0,0,0
C102152,12,66,25,Center,web,Basic,3,13.76,0.0,0,0.075,0,1,0,41.28,0.0,0,0,0,1
C102153,5,36,49,Center,app,Plus,2,11.51,0.109,1,0.0,0,0,1,23.02,0.02040816326530612,0,0,0,1
C102154,6,63,37,Center,app,Basic,7,18.42,0.2,0,0.179,0,1,0,128.94,0.0,0,0,0,0
C102155,4,57,50,East,web,Plus,3,12.51,0.113,0,0.019,0,1,0,37.53,0.0,0,0,0,1
C102156,6,69,25,West,web,Premium,9,14.52,0.076,0,0.205,1,1,0,130.68,0.0,1,1,0,0
C102157,2,41,50,South,app,Basic,6,17.33,0.016,0,0.155,0,0,0,103.97999999999999,0.0,0,0,0,0
C102158,6,53,63,Center,app,Basic,3,10.89,0.24,0,0.0,0,1,0,32.67,0.0,0,0,0,1
C102161,7,72,18,South,web,Plus,1,17.34,0.176,0,0.114,0,1,0,17.34,0.0,0,0,0,1
C102162,5,23,3,North,web,Basic,4,19.14,0.0,0,0.036,0,0,1,76.56,0.0,0,0,1,0
C102163,5,19,5,North,app,Plus,6,12.09,0.138,1,0.0,0,0,0,72.53999999999999,0.2,0,0,1,0
C102170,12,69,43,West,web,Basic,4,10.3,0.0,0,0.091,0,0,1,41.2,0.0,0,0,0,1
C102175,6,49,32,East,web,Plus,5,10.57,0.0,1,0.0,1,0,1,52.85,0.03125,1,0,0,1
C102177,8,28,28,South,app,Plus,5,12.62,0.355,1,0.074,0,1,0,63.099999999999994,0.03571428571428571,0,0,0,0
C102178,10,48,27,North,app,Plus,8,14.72,0.267,0,0.106,0,1,0,117.76,0.0,0,0,0,0
C102179,5,38,14,North,web,Plus,7,6.43,0.239,0,0.0,0,0,0,45.01,0.0,0,0,0,1
C102180,9,55,43,West,app,Plus,1,13.07,0.087,0,0.022,1,1,0,13.07,0.0,1,0,0,1
C102183,8,52,46,North,web,Plus,7,1.0,0.292,0,0.072,1,1,0,7.0,0.0,1,0,0,1
C102190,12,57,23,North,store,Basic,5,11.91,0.052,0,0.205,0,0,1,59.55,0.0,0,1,0,0
C102191,6,50,22,South,app,Basic,8,9.2,0.298,0,0.0,0,0,0,73.6,0.0,0,0,0,0
C102192,7,42,56,North,web,Basic,4,9.96,0.317,0,0.121,0,1,0,39.84,0.0,0,0,0,1
C102193,5,18,39,South,app,Premium,7,10.32,0.162,0,0.0,0,0,0,72.24000000000001,0.0,0,0,0,0
C102197,11,72,30,East,web,Plus,4,8.71,0.297,0,0.12,1,0,0,34.84,0.0,1,0,0,1
C102198,1,40,9,Center,app,Basic,2,9.96,0.157,1,0.096,0,1,0,19.92,0.1111111111111111,0,0,0,1
C102199,6,24,62,North,web,Plus,3,11.05,0.426,0,0.0,1,0,0,33.150000000000006,0.0,1,0,0,1
C102200,10,42,63,West,app,Basic,8,10.87,0.491,1,0.091,0,1,0,86.96,0.015873015873015872,0,0,0,0
C102201,7,67,28,Center,web,Plus,8,11.22,0.032,0,0.09,0,0,0,89.76,0.0,0,0,0,0
C102202,4,60,22,Center,web,Basic,4,13.46,0.051,0,0.062,0,0,0,53.84,0.0,0,0,0,1
C102203,11,55,22,Center,app,Basic,7,14.09,0.003,0,0.188,0,1,0,98.63,0.0,0,0,0,0
C102204,6,34,35,Center,app,Premium,4,12.94,0.24,0,0.046,0,1,0,51.76,0.0,0,0,0,1
C102206,5,32,63,West,app,Basic,7,14.93,0.24,0,0.13,0,1,0,104.50999999999999,0.0,0,0,0,0
C102207,4,62,60,North,app,Basic,5,17.04,0.0,0,0.054,0,1,0,85.19999999999999,0.0,0,0,0,0
C102212,4,73,23,South,web,Basic,8,8.47,0.2,0,0.13,1,1,0,67.76,0.0,1,0,0,0
C102213,13,22,14,South,web,Plus,3,13.78,0.192,0,0.09,0,1,0,41.339999999999996,0.0,0,0,0,1
C102217,3,60,69,East,web,Premium,7,12.84,0.093,0,0.103,0,0,0,89.88,0.0,0,0,0,0
C102219,10,43,45,West,web,Basic,8,13.8,0.3,0,0.215,0,0,0,110.4,0.0,0,1,0,0
C102221,12,26,45,Center,web,Plus,7,17.04,0.052,1,0.183,0,0,0,119.28,0.022222222222222223,0,0,0,0
C102222,10,61,61,East,web,Plus,8,15.07,0.281,0,0.074,0,1,0,120.56,0.0,0,0,0,0
C102223,2,47,24,Center,app,Basic,6,5.02,0.12,0,0.147,0,0,0,30.119999999999997,0.0,0,0,0,1
C102224,13,19,32,Center,app,Basic,7,9.43,0.043,0,0.0,0,1,1,66.00999999999999,0.0,0,0,0,0
C102226,12,56,37,West,app,Basic,3,19.1,0.119,0,0.012,1,0,1,57.300000000000004,0.0,1,0,0,0
C102227,2,49,13,West,web,Plus,3,11.78,0.195,1,0.073,0,0,0,35.339999999999996,0.07692307692307693,0,0,0,1
C102231,10,66,48,Center,app,Plus,6,10.63,0.0,1,0.074,1,1,0,63.78,0.020833333333333332,1,0,0,0
C102232,8,52,36,Center,app,Basic,10,13.21,0.177,0,0.087,1,1,0,132.10000000000002,0.0,1,0,0,0
C102239,4,44,20,Center,web,Plus,6,6.66,0.009,0,0.162,0,0,0,39.96,0.0,0,0,0,1
C102242,7,62,3,Center,store,Plus,1,15.08,0.263,1,0.0,1,1,0,15.08,0.3333333333333333,1,0,1,1
C102244,12,34,45,North,web,Basic,5,14.02,0.224,0,0.0,0,1,0,70.1,0.0,0,0,0,0
C102245,5,67,21,Center,store,Plus,5,14.31,0.094,2,0.3,0,0,0,71.55,0.09523809523809523,0,1,0,0
C102251,11,62,61,South,web,Basic,3,13.76,0.27,0,0.11,0,1,0,41.28,0.0,0,0,0,1
C102254,7,43,67,South,app,Plus,3,14.03,0.136,1,0.017,0,0,0,42.089999999999996,0.014925373134328358,0,0,0,1
C102257,6,58,47,South,store,Plus,2,19.9,0.129,0,0.081,0,0,0,39.8,0.0,0,0,0,1
C102259,10,29,70,East,web,Basic,4,12.14,0.237,0,0.016,0,0,0,48.56,0.0,0,0,0,1
C102260,6,34,59,South,app,Basic,6,13.99,0.223,0,0.051,0,1,0,83.94,0.0,0,0,0,0
C102261,9,33,42,South,store,Plus,6,12.56,0.238,0,0.287,0,0,0,75.36,0.0,0,1,0,0
C102262,2,68,40,West,app,Premium,4,2.4,0.136,0,0.116,0,1,0,9.6,0.0,0,0,0,1
C102264,11,55,54,Center,app,Basic,4,7.13,0.33,0,0.0,1,0,0,28.52,0.0,1,0,0,1
C102266,2,41,71,West,web,Plus,8,15.17,0.169,0,0.096,0,0,0,121.36,0.0,0,0,0,0
C102270,7,70,4,North,web,Basic,8,16.37,0.04,0,0.0,0,0,0,130.96,0.0,0,0,1,0
C102272,2,45,14,East,app,Basic,3,12.99,0.356,0,0.0,0,0,0,38.97,0.0,0,0,0,1
C102273,13,29,50,Center,app,Basic,3,16.35,0.153,0,0.02,0,1,0,49.050000000000004,0.0,0,0,0,1
C102274,1,43,27,South,web,Premium,6,18.78,0.19,0,0.131,0,1,0,112.68,0.0,0,0,0,0
C102275,7,38,60,West,app,Basic,4,12.65,0.249,0,0.079,0,1,0,50.6,0.0,0,0,0,1
C102276,4,67,45,Center,app,Plus,6,10.84,0.178,1,0.08,0,1,0,65.03999999999999,0.022222222222222223,0,0,0,0
C102277,7,64,69,Center,app,Plus,5,14.89,0.219,0,0.06,0,0,0,74.45,0.0,0,0,0,0
C102279,5,49,11,North,app,Basic,5,9.93,0.143,1,0.0,0,0,0,49.65,0.09090909090909091,0,0,0,1
C102282,1,69,21,West,app,Plus,5,13.88,0.099,1,0.092,0,0,0,69.4,0.047619047619047616,0,0,0,0
C102283,1,61,46,West,app,Basic,6,14.38,0.218,0,0.028,0,0,0,86.28,0.0,0,0,0,0
C102284,8,20,31,East,store,Premium,4,13.1,0.396,0,0.077,0,1,0,52.4,0.0,0,0,0,1
C102285,3,55,59,West,app,Plus,3,19.13,0.245,0,0.227,0,0,0,57.39,0.0,0,1,0,0
C102288,11,60,63,South,web,Plus,9,13.99,0.141,0,0.0,0,1,1,125.91,0.0,0,0,0,0
C102289,9,22,44,South,app,Plus,5,17.45,0.02,0,0.222,0,1,0,87.25,0.0,0,1,0,0
C102290,12,23,11,North,store,Basic,7,4.97,0.155,0,0.0,0,0,0,34.79,0.0,0,0,0,1
C102293,4,68,71,South,web,Basic,9,9.49,0.038,1,0.1,0,0,0,85.41,0.014084507042253521,0,0,0,0
C102294,2,65,23,Center,store,Basic,2,8.68,0.268,0,0.163,0,0,0,17.36,0.0,0,0,0,1
C102295,10,52,26,Center,store,Basic,3,15.54,0.267,0,0.141,0,0,0,46.62,0.0,0,0,0,1
C102297,5,21,6,East,web,Basic,1,11.16,0.043,0,0.0,2,1,0,11.16,0.0,1,0,0,1
C102299,6,43,56,East,web,Premium,7,10.56,0.315,0,0.008,0,1,0,73.92,0.0,0,0,0,0
C102301,3,39,22,East,app,Plus,8,15.67,0.307,1,0.0,0,0,0,125.36,0.045454545454545456,0,0,0,0
C102302,10,46,64,East,web,Plus,3,12.1,0.348,0,0.057,2,1,0,36.3,0.0,1,0,0,1
C102303,5,51,30,Center,app,Plus,5,7.46,0.389,0,0.0,1,1,1,37.3,0.0,1,0,0,1
C102306,8,24,56,West,web,Basic,3,10.33,0.27,1,0.137,0,1,1,30.990000000000002,0.017857142857142856,0,0,0,1
C102307,13,72,24,East,store,Basic,7,19.14,0.13,0,0.275,0,1,0,133.98000000000002,0.0,0,1,0,0
C102309,13,37,10,West,store,Basic,4,9.85,0.129,0,0.196,0,0,0,39.4,0.0,0,0,0,1
C102310,1,43,56,East,store,Basic,8,8.41,0.058,1,0.0,0,0,1,67.28,0.017857142857142856,0,0,0,0
C102312,13,34,43,North,web,Plus,6,3.69,0.276,2,0.063,0,0,0,22.14,0.046511627906976744,0,0,0,1
C102313,9,52,42,North,web,Basic,5,11.96,0.149,0,0.063,0,0,0,59.800000000000004,0.0,0,0,0,0
C102315,12,68,22,North,web,Plus,6,11.82,0.314,0,0.012,0,0,0,70.92,0.0,0,0,0,0
C102316,9,27,2,Center,web,Plus,3,13.12,0.13,0,0.075,0,0,0,39.36,0.0,0,0,1,1
C102318,9,60,36,Center,app,Basic,4,18.05,0.259,0,0.0,0,0,0,72.2,0.0,0,0,0,0
C102321,12,64,41,North,web,Plus,7,15.89,0.417,0,0.082,0,0,0,111.23,0.0,0,0,0,0
C102322,10,23,4,South,app,Basic,5,11.01,0.034,1,0.217,1,1,0,55.05,0.25,1,1,1,0
C102323,5,45,3,North,app,Basic,2,5.9,0.067,0,0.193,0,0,1,11.8,0.0,0,0,1,1
C102324,3,19,33,West,app,Basic,3,14.5,0.181,0,0.044,0,1,0,43.5,0.0,0,0,0,1
C102327,7,34,15,North,web,Plus,4,5.77,0.144,0,0.212,1,0,1,23.08,0.0,1,1,0,1
C102333,7,34,44,East,web,Plus,11,14.14,0.209,0,0.0,0,1,0,155.54000000000002,0.0,0,0,0,0
C102334,2,37,26,East,app,Plus,5,15.64,0.218,0,0.095,0,0,0,78.2,0.0,0,0,0,0
C102335,9,66,25,South,web,Basic,6,11.87,0.107,1,0.243,1,0,0,71.22,0.04,1,1,0,0
C102336,5,23,11,Center,app,Premium,7,9.77,0.0,0,0.0,0,0,0,68.39,0.0,0,0,0,0
C102341,4,22,33,East,app,Basic,3,9.42,0.174,1,0.107,1,0,1,28.259999999999998,0.030303030303030304,1,0,0,1
C102342,12,34,14,East,app,Plus,7,18.58,0.511,0,0.015,0,0,0,130.06,0.0,0,0,0,0
C102343,3,62,21,Center,web,Premium,1,10.06,0.088,0,0.022,0,0,1,10.06,0.0,0,0,0,1
C102348,1,63,38,East,web,Premium,5,7.19,0.247,1,0.08,0,1,0,35.95,0.02631578947368421,0,0,0,1
C102349,11,67,21,Center,store,Basic,7,15.86,0.232,1,0.128,0,0,1,111.02,0.047619047619047616,0,0,0,0
C102350,11,34,36,West,app,Basic,7,16.29,0.279,1,0.217,0,1,0,114.03,0.027777777777777776,0,1,0,0
C102351,12,35,43,East,web,Plus,3,3.38,0.143,0,0.067,1,1,0,10.14,0.0,1,0,0,1
C102352,13,26,21,Center,web,Basic,6,15.44,0.156,0,0.07,0,0,0,92.64,0.0,0,0,0,0
C102354,2,33,23,North,app,Basic,4,11.82,0.0,0,0.03,0,0,0,47.28,0.0,0,0,0,1
C102355,9,68,30,Center,app,Basic,6,15.22,0.145,0,0.151,0,0,0,91.32000000000001,0.0,0,0,0,0
C102358,10,44,6,South,app,Basic,7,12.73,0.205,0,0.056,0,1,0,89.11,0.0,0,0,0,0
C102361,10,46,47,North,app,Basic,4,4.74,0.226,0,0.183,1,1,0,18.96,0.0,1,0,0,1
C102362,3,61,14,East,web,Basic,6,14.06,0.0,0,0.065,0,1,0,84.36,0.0,0,0,0,0
C102365,7,41,67,North,app,Basic,4,13.41,0.128,0,0.093,0,0,0,53.64,0.0,0,0,0,1
C102369,4,70,58,Center,app,Basic,6,9.24,0.101,1,0.043,0,1,0,55.44,0.017241379310344827,0,0,0,0
C102370,5,49,54,Center,web,Basic,8,13.4,0.0,0,0.0,0,0,0,107.2,0.0,0,0,0,0
C102371,11,63,30,West,app,Basic,6,7.2,0.189,0,0.199,0,0,0,43.2,0.0,0,0,0,1
C102372,6,31,51,North,app,Basic,4,13.4,0.171,0,0.0,0,0,1,53.6,0.0,0,0,0,1
C102373,13,27,29,South,app,Premium,7,13.93,0.189,0,0.111,0,0,0,97.50999999999999,0.0,0,0,0,0
C102374,13,54,10,Center,app,Premium,2,7.17,0.261,0,0.034,0,0,0,14.34,0.0,0,0,0,1
C102376,7,63,11,Center,app,Premium,5,5.96,0.299,0,0.08,0,1,0,29.8,0.0,0,0,0,1
C102378,12,63,27,North,app,Premium,5,8.73,0.269,0,0.126,1,0,0,43.650000000000006,0.0,1,0,0,1
C102380,5,73,26,Center,app,Premium,3,7.39,0.111,0,0.077,0,0,0,22.169999999999998,0.0,0,0,0,1
C102381,6,22,63,South,app,Plus,5,11.22,0.115,0,0.115,1,1,0,56.1,0.0,1,0,0,0
C102382,11,73,22,South,web,Plus,4,10.87,0.258,1,0.319,0,1,0,43.48,0.045454545454545456,0,1,0,1
C102383,8,47,9,North,app,Plus,6,8.64,0.201,0,0.0,0,0,0,51.84,0.0,0,0,0,1
C102384,9,39,28,East,store,Premium,5,13.47,0.249,0,0.134,0,0,0,67.35000000000001,0.0,0,0,0,0
C102386,10,27,71,North,web,Plus,8,10.95,0.306,0,0.21,0,1,0,87.6,0.0,0,1,0,0
C102387,3,40,55,North,app,Plus,8,13.67,0.193,1,0.097,0,0,1,109.36,0.01818181818181818,0,0,0,0
C102388,9,65,30,West,app,Premium,5,6.51,0.255,0,0.015,1,0,0,32.55,0.0,1,0,0,1
C102389,5,32,6,West,web,Basic,6,12.87,0.221,0,0.111,1,0,0,77.22,0.0,1,0,0,0
C102391,2,49,39,Center,app,Basic,2,22.59,0.174,2,0.0,0,0,1,45.18,0.05128205128205128,0,0,0,1
C102392,2,47,34,East,app,Plus,1,8.26,0.239,0,0.0,0,0,0,8.26,0.0,0,0,0,1
C102394,9,25,21,West,web,Premium,6,9.82,0.128,1,0.158,0,0,1,58.92,0.047619047619047616,0,0,0,0
C102395,4,70,17,North,app,Basic,6,16.1,0.335,0,0.237,0,0,0,96.60000000000001,0.0,0,1,0,0
C102396,8,18,21,North,app,Plus,9,13.65,0.363,1,0.022,0,0,1,122.85000000000001,0.047619047619047616,0,0,0,0
C102398,4,22,9,Center,app,Premium,4,13.65,0.36,1,0.123,0,0,0,54.6,0.1111111111111111,0,0,0,1
C102400,2,59,16,Center,web,Premium,4,9.55,0.334,0,0.226,0,0,0,38.2,0.0,0,1,0,1
C102401,3,22,25,West,web,Plus,6,11.16,0.234,0,0.0,0,0,0,66.96000000000001,0.0,0,0,0,0
C102402,11,26,54,East,app,Premium,7,9.42,0.279,0,0.082,0,1,0,65.94,0.0,0,0,0,0
C102403,5,58,21,North,app,Plus,3,9.54,0.087,0,0.06,0,0,0,28.619999999999997,0.0,0,0,0,1
C102404,10,19,58,West,app,Basic,7,22.05,0.25,0,0.129,0,0,0,154.35,0.0,0,0,0,0
C102405,3,34,31,Center,web,Basic,4,8.84,0.0,0,0.048,0,1,0,35.36,0.0,0,0,0,1
C102407,2,69,60,Center,app,Basic,5,12.2,0.175,0,0.118,0,0,0,61.0,0.0,0,0,0,0
C102408,11,46,17,Center,web,Plus,5,11.52,0.254,0,0.087,0,1,0,57.599999999999994,0.0,0,0,0,0
C102409,3,68,37,South,app,Basic,2,18.07,0.138,0,0.0,0,0,0,36.14,0.0,0,0,0,1
C102410,3,68,1,Center,web,Premium,5,12.04,0.314,0,0.015,0,0,0,60.199999999999996,0.0,0,0,1,0
C102411,5,71,42,Center,app,Basic,5,7.08,0.281,2,0.063,0,1,0,35.4,0.047619047619047616,0,0,0,1
C102412,4,32,51,South,web,Basic,5,12.62,0.227,1,0.1,0,0,0,63.099999999999994,0.0196078431372549,0,0,0,0
C102415,11,18,5,East,app,Basic,3,14.2,0.137,0,0.249,1,1,1,42.599999999999994,0.0,1,1,1,1
C102417,8,40,68,East,web,Basic,4,13.75,0.007,0,0.111,0,0,0,55.0,0.0,0,0,0,0
C102420,4,37,50,East,app,Plus,7,11.84,0.182,0,0.081,0,0,0,82.88,0.0,0,0,0,0
C102421,2,61,68,North,web,Premium,4,10.44,0.269,1,0.056,0,0,0,41.76,0.014705882352941176,0,0,0,1
C102424,5,40,11,North,app,Basic,7,17.37,0.033,0,0.0,0,1,0,121.59,0.0,0,0,0,0
C102425,2,58,46,North,app,Plus,10,8.39,0.38,0,0.297,0,0,0,83.9,0.0,0,1,0,0
C102434,2,70,46,North,app,Basic,8,16.71,0.196,0,0.245,1,1,0,133.68,0.0,1,1,0,0
C102436,10,72,3,South,app,Plus,1,1.0,0.253,0,0.0,0,0,0,1.0,0.0,0,0,1,1
C102437,12,38,22,South,app,Plus,4,8.54,0.19,0,0.101,0,0,0,34.16,0.0,0,0,0,1
C102438,8,74,58,South,app,Plus,4,11.86,0.186,0,0.126,0,0,1,47.44,0.0,0,0,0,1
C102443,2,25,33,Center,web,Basic,6,11.07,0.125,0,0.193,0,1,1,66.42,0.0,0,0,0,0
C102444,10,56,23,North,app,Basic,8,8.7,0.268,0,0.152,0,0,1,69.6,0.0,0,0,0,0
C102445,2,39,23,Center,app,Premium,2,17.27,0.309,1,0.105,0,1,0,34.54,0.043478260869565216,0,0,0,1
C102447,4,74,24,West,app,Premium,4,9.46,0.295,1,0.079,0,0,0,37.84,0.041666666666666664,0,0,0,1
C102448,12,29,36,Center,web,Premium,5,8.08,0.136,0,0.253,0,0,1,40.4,0.0,0,1,0,1
C102453,12,72,3,North,store,Premium,5,18.5,0.116,1,0.214,0,1,0,92.5,0.3333333333333333,0,1,1,0
C102457,4,74,31,West,app,Basic,4,13.74,0.123,1,0.041,2,1,0,54.96,0.03225806451612903,1,0,0,0
C102459,3,69,66,North,web,Premium,6,14.78,0.01,0,0.087,0,1,0,88.67999999999999,0.0,0,0,0,0
C102461,13,38,1,Center,web,Plus,7,11.54,0.041,1,0.018,0,1,1,80.78,1.0,0,0,1,0
C102462,10,65,40,North,web,Plus,7,9.57,0.0,0,0.117,0,0,0,66.99000000000001,0.0,0,0,0,0
C102464,10,61,54,Center,store,Basic,11,16.93,0.201,0,0.185,0,1,0,186.23,0.0,0,0,0,0
C102466,9,21,13,East,web,Plus,4,20.33,0.409,2,0.167,1,0,1,81.32,0.15384615384615385,1,0,0,0
C102467,9,70,65,North,web,Basic,8,11.99,0.267,0,0.127,1,0,0,95.92,0.0,1,0,0,0
C102468,10,35,41,West,app,Basic,3,7.9,0.283,1,0.0,0,0,0,23.700000000000003,0.024390243902439025,0,0,0,1
C102470,8,32,10,North,app,Basic,2,8.0,0.245,1,0.057,0,0,1,16.0,0.1,0,0,0,1
C102472,1,61,36,North,app,Basic,5,20.34,0.332,1,0.046,0,0,1,101.7,0.027777777777777776,0,0,0,0
C102474,10,18,4,South,store,Basic,4,7.32,0.345,0,0.025,0,1,0,29.28,0.0,0,0,1,1
C102476,4,38,50,East,app,Basic,6,7.38,0.153,0,0.0,0,0,0,44.28,0.0,0,0,0,1
C102479,10,59,24,Center,app,Basic,6,13.25,0.205,0,0.231,0,0,0,79.5,0.0,0,1,0,0
C102480,7,20,20,North,web,Basic,5,6.25,0.132,1,0.252,0,0,1,31.25,0.05,0,1,0,1
C102482,13,71,8,West,web,Plus,4,8.21,0.205,0,0.097,0,0,0,32.84,0.0,0,0,0,1
C102483,3,23,54,Center,store,Basic,5,7.19,0.136,1,0.0,0,0,0,35.95,0.018518518518518517,0,0,0,1
C102484,2,46,45,Center,store,Plus,2,15.56,0.168,1,0.082,0,0,0,31.12,0.022222222222222223,0,0,0,1
C102485,12,46,6,Center,app,Premium,4,9.44,0.129,0,0.128,0,1,0,37.76,0.0,0,0,0,1
C102486,9,39,67,Center,store,Premium,2,19.26,0.209,1,0.0,0,1,0,38.52,0.014925373134328358,0,0,0,1
C102491,12,59,26,North,web,Basic,10,21.81,0.115,0,0.0,0,1,0,218.1,0.0,0,0,0,0
C102492,12,67,43,North,app,Basic,4,21.61,0.087,0,0.0,0,0,0,86.44,0.0,0,0,0,0
C102494,1,65,62,Center,store,Basic,4,16.07,0.295,1,0.149,0,0,0,64.28,0.016129032258064516,0,0,0,0
C102496,11,57,57,West,web,Premium,1,15.85,0.133,0,0.08,0,0,0,15.85,0.0,0,0,0,1
C102500,13,28,68,Center,app,Premium,4,7.39,0.095,1,0.224,0,0,0,29.56,0.014705882352941176,0,1,0,1
C102501,12,69,34,East,app,Basic,5,14.47,0.0,0,0.123,0,0,0,72.35000000000001,0.0,0,0,0,0
C102502,12,65,29,Center,app,Plus,2,15.24,0.217,0,0.069,0,1,1,30.48,0.0,0,0,0,1
C102503,7,25,14,East,app,Plus,4,10.96,0.138,0,0.077,0,0,0,43.84,0.0,0,0,0,1
C102505,11,48,15,North,store,Basic,3,15.02,0.185,0,0.17,0,0,1,45.06,0.0,0,0,0,1
C102508,13,68,54,Center,app,Basic,9,15.72,0.203,2,0.071,0,0,0,141.48000000000002,0.037037037037037035,0,0,0,0
C102513,6,41,56,Center,store,Basic,4,17.85,0.251,0,0.178,0,1,0,71.4,0.0,0,0,0,0
C102515,7,49,65,Center,web,Plus,5,12.82,0.261,0,0.0,0,1,0,64.1,0.0,0,0,0,0
C102517,1,58,12,North,web,Basic,3,13.58,0.236,0,0.019,0,1,0,40.74,0.0,0,0,0,1
C102519,2,71,71,South,app,Premium,8,11.3,0.236,1,0.038,0,1,0,90.4,0.014084507042253521,0,0,0,0
C102522,5,67,62,Center,app,Premium,5,13.12,0.282,1,0.14,0,1,0,65.6,0.016129032258064516,0,0,0,0
C102523,2,37,44,East,store,Plus,6,4.72,0.163,1,0.165,0,1,0,28.32,0.022727272727272728,0,0,0,1
C102524,5,66,27,Center,app,Premium,6,10.96,0.0,0,0.222,0,1,0,65.76,0.0,0,1,0,0
C102525,13,22,19,Center,app,Basic,6,11.05,0.232,1,0.092,0,0,0,66.30000000000001,0.05263157894736842,0,0,0,0
C102530,4,42,27,Center,store,Basic,8,12.14,0.205,0,0.0,1,0,1,97.12,0.0,1,0,0,0
C102532,9,43,53,West,web,Plus,5,6.13,0.124,0,0.0,0,0,0,30.65,0.0,0,0,0,1
C102535,5,28,51,South,web,Basic,3,13.33,0.29,1,0.004,1,0,1,39.99,0.0196078431372549,1,0,0,1
C102536,4,41,51,North,web,Basic,4,14.53,0.185,1,0.048,0,1,0,58.12,0.0196078431372549,0,0,0,0
C102539,9,47,12,East,store,Plus,5,13.77,0.0,1,0.254,0,0,1,68.85,0.08333333333333333,0,1,0,0
C102544,4,45,15,North,web,Basic,7,12.56,0.391,1,0.065,0,1,0,87.92,0.06666666666666667,0,0,0,0
C102546,11,55,2,North,store,Plus,4,8.48,0.114,1,0.0,0,0,1,33.92,0.5,0,0,1,1
C102548,7,54,68,East,app,Basic,4,16.23,0.082,0,0.104,0,1,1,64.92,0.0,0,0,0,0
C102549,12,58,36,West,app,Basic,2,10.17,0.246,0,0.0,0,1,0,20.34,0.0,0,0,0,1
C102550,10,45,38,South,web,Basic,4,12.27,0.076,0,0.0,0,1,0,49.08,0.0,0,0,0,1
C102553,2,41,65,Center,store,Basic,6,11.25,0.076,0,0.07,1,0,1,67.5,0.0,1,0,0,0
C102554,9,61,1,Center,app,Basic,2,14.24,0.069,0,0.053,1,1,0,28.48,0.0,1,0,1,1
C102555,12,38,67,South,store,Basic,7,12.74,0.057,0,0.128,0,0,0,89.18,0.0,0,0,0,0
C102556,9,23,19,South,app,Plus,8,8.91,0.277,0,0.0,0,1,1,71.28,0.0,0,0,0,0
C102560,2,35,23,South,app,Basic,7,13.9,0.297,0,0.194,0,0,0,97.3,0.0,0,0,0,0
C102561,13,31,63,South,app,Basic,5,17.05,0.014,0,0.083,0,1,0,85.25,0.0,0,0,0,0
C102562,1,70,26,North,web,Basic,6,12.2,0.181,0,0.235,0,0,0,73.19999999999999,0.0,0,1,0,0
C102564,10,43,28,South,app,Plus,3,15.8,0.103,0,0.026,0,1,0,47.400000000000006,0.0,0,0,0,1
C102566,1,50,54,Center,app,Basic,1,15.5,0.296,0,0.11,0,0,0,15.5,0.0,0,0,0,1
C102567,5,34,68,East,web,Basic,6,10.17,0.333,0,0.097,0,1,0,61.019999999999996,0.0,0,0,0,0
C102569,2,65,18,Center,app,Premium,4,7.54,0.195,0,0.181,0,1,0,30.16,0.0,0,0,0,1
C102570,12,42,59,Center,web,Premium,7,12.2,0.184,0,0.068,1,0,0,85.39999999999999,0.0,1,0,0,0
C102571,8,66,49,East,web,Basic,8,13.05,0.177,0,0.155,1,0,0,104.4,0.0,1,0,0,0
C102572,7,24,36,West,web,Basic,7,16.52,0.225,0,0.06,0,1,0,115.64,0.0,0,0,0,0
C102574,4,68,42,Center,app,Basic,6,11.69,0.198,0,0.067,0,0,0,70.14,0.0,0,0,0,0
C102575,9,53,65,East,store,Premium,6,22.06,0.297,0,0.0,0,1,0,132.35999999999999,0.0,0,0,0,0
C102576,9,27,20,South,store,Basic,4,11.79,0.212,0,0.178,0,1,1,47.16,0.0,0,0,0,1
C102581,9,49,5,West,app,Plus,5,15.52,0.174,0,0.0,0,1,0,77.6,0.0,0,0,1,0
C102582,4,51,56,South,app,Premium,8,17.5,0.29,0,0.119,0,0,0,140.0,0.0,0,0,0,0
C102583,1,43,3,North,store,Plus,3,12.03,0.182,0,0.254,1,1,0,36.089999999999996,0.0,1,1,1,1
C102584,4,58,12,East,app,Premium,8,15.9,0.206,2,0.148,0,0,0,127.2,0.16666666666666666,0,0,0,0
C102585,13,55,14,South,app,Plus,3,7.48,0.237,0,0.0,0,0,1,22.44,0.0,0,0,0,1
C102586,11,62,26,Center,app,Premium,3,11.07,0.363,1,0.058,0,0,0,33.21,0.038461538461538464,0,0,0,1
C102587,12,72,41,North,web,Premium,7,14.3,0.152,0,0.065,0,0,0,100.10000000000001,0.0,0,0,0,0
C102589,7,25,31,South,app,Premium,4,11.05,0.248,0,0.085,0,0,1,44.2,0.0,0,0,0,1
C102591,11,73,6,North,app,Premium,9,17.67,0.162,1,0.114,1,0,1,159.03000000000003,0.16666666666666666,1,0,0,0
C102592,9,63,13,North,app,Premium,4,12.66,0.165,0,0.107,0,0,1,50.64,0.0,0,0,0,1
C102593,4,55,15,East,web,Plus,5,12.95,0.143,1,0.127,0,0,0,64.75,0.06666666666666667,0,0,0,0
C102594,4,32,12,South,app,Basic,6,15.43,0.251,0,0.03,1,0,0,92.58,0.0,1,0,0,0
C102595,6,63,42,East,app,Basic,3,9.08,0.27,0,0.0,0,0,0,27.240000000000002,0.0,0,0,0,1
C102598,9,39,36,East,web,Basic,6,10.3,0.0,0,0.0,0,0,0,61.800000000000004,0.0,0,0,0,0
C102600,10,56,56,North,web,Basic,4,4.04,0.394,1,0.0,1,1,1,16.16,0.017857142857142856,1,0,0,1
C102601,12,36,34,Center,web,Basic,6,5.72,0.173,0,0.0,0,1,1,34.32,0.0,0,0,0,1
C102602,11,63,52,Center,app,Plus,4,11.14,0.0,0,0.171,0,1,0,44.56,0.0,0,0,0,1
C102605,3,33,54,Center,web,Basic,8,14.8,0.275,1,0.0,0,0,0,118.4,0.018518518518518517,0,0,0,0
C102608,13,33,36,North,store,Plus,0,11.8,0.481,0,0.0,0,1,0,0.0,0.0,0,0,0,1
C102609,10,56,26,Center,app,Plus,7,14.94,0.375,1,0.11,0,1,0,104.58,0.038461538461538464,0,0,0,0
C102610,5,47,62,Center,app,Basic,7,12.77,0.159,0,0.36,0,1,0,89.39,0.0,0,1,0,0
C102613,2,21,21,North,web,Plus,3,13.77,0.083,0,0.044,1,1,1,41.31,0.0,1,0,0,1
C102615,10,63,26,North,app,Plus,4,8.88,0.13,0,0.099,0,0,0,35.52,0.0,0,0,0,1
C102616,12,23,50,South,web,Basic,6,13.04,0.237,0,0.198,0,1,0,78.24,0.0,0,0,0,0
C102618,4,36,11,East,web,Basic,3,18.74,0.153,0,0.131,0,0,1,56.22,0.0,0,0,0,0
C102626,13,33,32,Center,web,Premium,6,10.4,0.34,0,0.119,0,1,0,62.400000000000006,0.0,0,0,0,0
C102627,11,55,40,West,web,Premium,3,20.48,0.103,0,0.156,0,0,0,61.44,0.0,0,0,0,0
C102628,13,63,50,Center,web,Basic,7,17.51,0.117,0,0.2,0,0,0,122.57000000000001,0.0,0,1,0,0
C102630,9,27,41,Center,web,Premium,8,8.36,0.245,0,0.122,0,0,0,66.88,0.0,0,0,0,0
C102631,3,53,24,South,web,Basic,8,16.65,0.207,0,0.063,0,1,0,133.2,0.0,0,0,0,0
C102632,2,30,31,West,app,Plus,4,10.04,0.071,0,0.106,0,1,0,40.16,0.0,0,0,0,1
C102634,10,45,9,East,web,Plus,3,12.4,0.503,1,0.035,0,0,1,37.2,0.1111111111111111,0,0,0,1
C102635,8,30,12,South,store,Premium,5,18.03,0.078,0,0.0,0,0,0,90.15,0.0,0,0,0,0
C102637,13,59,35,South,app,Basic,7,16.36,0.0,1,0.002,0,1,0,114.52,0.02857142857142857,0,0,0,0
C102639,3,44,14,South,store,Basic,7,13.09,0.337,1,0.0,0,1,0,91.63,0.07142857142857142,0,0,0,0
C102640,1,24,52,Center,app,Plus,2,13.15,0.278,0,0.028,0,0,0,26.3,0.0,0,0,0,1
C102642,11,39,61,Center,store,Plus,8,5.42,0.141,1,0.047,0,0,0,43.36,0.01639344262295082,0,0,0,1
C102645,11,23,31,Center,app,Plus,6,12.27,0.36,1,0.042,0,1,1,73.62,0.03225806451612903,0,0,0,0
C102647,4,48,48,West,web,Plus,9,14.46,0.085,0,0.192,0,0,0,130.14000000000001,0.0,0,0,0,0
C102648,7,59,33,East,app,Plus,1,8.04,0.176,0,0.0,0,1,0,8.04,0.0,0,0,0,1
C102649,6,53,34,South,web,Basic,2,15.63,0.259,0,0.143,0,0,0,31.26,0.0,0,0,0,1
C102650,5,30,50,East,app,Plus,9,6.8,0.0,0,0.0,1,0,0,61.199999999999996,0.0,1,0,0,0
C102651,10,70,36,Center,app,Plus,6,13.35,0.31,0,0.119,1,0,0,80.1,0.0,1,0,0,0
C102654,13,18,45,East,web,Basic,7,15.3,0.309,0,0.112,0,0,0,107.10000000000001,0.0,0,0,0,0
C102655,9,21,31,South,app,Plus,5,16.07,0.329,0,0.017,0,0,0,80.35,0.0,0,0,0,0
C102656,10,21,14,West,web,Basic,1,9.15,0.284,0,0.08,0,1,1,9.15,0.0,0,0,0,1
C102658,4,38,26,East,app,Basic,5,11.98,0.247,0,0.115,0,0,0,59.900000000000006,0.0,0,0,0,0
C102660,12,51,17,West,web,Basic,5,5.16,0.253,0,0.079,0,1,0,25.8,0.0,0,0,0,1
C102661,12,57,59,South,app,Plus,4,6.58,0.285,0,0.187,0,0,1,26.32,0.0,0,0,0,1
C102663,7,39,18,South,app,Basic,6,15.02,0.0,0,0.249,0,0,0,90.12,0.0,0,1,0,0
C102664,10,40,54,Center,web,Basic,3,12.31,0.266,1,0.074,0,0,1,36.93,0.018518518518518517,0,0,0,1
C102665,1,36,16,Center,app,Plus,8,11.81,0.042,0,0.246,1,0,1,94.48,0.0,1,1,0,0
C102666,3,39,19,West,app,Plus,6,11.87,0.291,0,0.186,0,1,1,71.22,0.0,0,0,0,0
C102668,4,36,68,West,web,Plus,1,10.7,0.235,0,0.0,1,0,0,10.7,0.0,1,0,0,1
C102669,11,48,56,North,web,Plus,10,11.61,0.221,1,0.0,0,1,0,116.1,0.017857142857142856,0,0,0,0
C102671,2,57,61,South,app,Basic,4,9.43,0.187,0,0.0,0,0,0,37.72,0.0,0,0,0,1
C102674,7,36,63,Center,app,Basic,4,15.32,0.0,1,0.069,0,0,0,61.28,0.015873015873015872,0,0,0,0
C102675,2,56,26,Center,web,Premium,3,7.46,0.143,0,0.0,0,0,0,22.38,0.0,0,0,0,1
C102678,6,24,69,South,app,Premium,4,9.66,0.246,0,0.191,0,0,0,38.64,0.0,0,0,0,1
C102679,8,56,59,West,app,Basic,4,14.33,0.142,0,0.161,0,1,0,57.32,0.0,0,0,0,0
C102681,2,37,18,West,web,Plus,9,2.9,0.17,0,0.091,1,0,1,26.099999999999998,0.0,1,0,0,1
C102682,10,53,32,West,app,Premium,2,16.37,0.133,0,0.098,0,0,1,32.74,0.0,0,0,0,1
C102683,8,52,48,East,web,Premium,5,12.19,0.159,0,0.089,0,0,0,60.949999999999996,0.0,0,0,0,0
C102684,5,19,67,Center,store,Basic,8,6.69,0.195,1,0.059,0,1,1,53.52,0.014925373134328358,0,0,0,1
C102686,7,39,65,North,app,Plus,1,2.07,0.221,0,0.073,0,0,0,2.07,0.0,0,0,0,1
C102693,3,30,15,North,web,Premium,9,18.05,0.0,1,0.062,1,0,1,162.45000000000002,0.06666666666666667,1,0,0,0
C102698,6,70,42,Center,app,Basic,6,8.15,0.101,0,0.095,0,1,0,48.900000000000006,0.0,0,0,0,1
C102702,7,54,30,West,web,Plus,7,13.98,0.013,0,0.063,0,1,0,97.86,0.0,0,0,0,0
C102707,2,53,67,North,web,Premium,4,12.25,0.258,0,0.002,0,1,0,49.0,0.0,0,0,0,1
C102709,2,25,4,South,web,Plus,9,10.92,0.121,0,0.081,1,1,0,98.28,0.0,1,0,1,0
C102712,10,34,68,Center,web,Premium,2,12.12,0.051,0,0.033,0,1,0,24.24,0.0,0,0,0,1
C102715,1,38,40,East,app,Premium,5,7.64,0.322,0,0.054,0,0,1,38.199999999999996,0.0,0,0,0,1
C102717,2,46,9,South,web,Basic,11,11.77,0.119,0,0.0,0,1,0,129.47,0.0,0,0,0,0
C102718,6,24,35,North,app,Basic,3,14.58,0.04,1,0.135,0,1,1,43.74,0.02857142857142857,0,0,0,1
C102720,13,29,51,North,web,Basic,4,14.32,0.519,0,0.129,0,0,0,57.28,0.0,0,0,0,0
C102722,3,73,49,Center,web,Basic,2,10.98,0.208,1,0.084,0,1,0,21.96,0.02040816326530612,0,0,0,1
C102726,5,37,67,East,app,Plus,7,14.13,0.235,0,0.02,0,0,0,98.91000000000001,0.0,0,0,0,0
C102728,10,45,3,North,app,Premium,6,9.0,0.0,0,0.0,0,0,0,54.0,0.0,0,0,1,1
C102729,11,38,13,West,web,Basic,4,2.1,0.122,0,0.289,1,0,1,8.4,0.0,1,1,0,1
C102730,11,61,5,North,web,Premium,4,17.3,0.121,0,0.0,0,1,1,69.2,0.0,0,0,1,0
C102731,3,63,20,East,app,Premium,3,9.5,0.275,0,0.191,0,1,0,28.5,0.0,0,0,0,1
C102732,1,55,37,West,app,Basic,9,12.14,0.025,0,0.128,0,1,0,109.26,0.0,0,0,0,0
C102735,1,51,15,East,app,Plus,7,14.85,0.156,1,0.053,0,0,0,103.95,0.06666666666666667,0,0,0,0
C102740,9,45,40,Center,web,Basic,4,7.4,0.119,0,0.057,0,0,0,29.6,0.0,0,0,0,1
C102742,8,38,71,North,web,Plus,6,11.38,0.018,0,0.052,0,1,0,68.28,0.0,0,0,0,0
C102743,7,60,36,Center,app,Plus,7,11.03,0.13,0,0.085,0,1,0,77.21,0.0,0,0,0,0
C102744,7,73,34,Center,store,Basic,5,7.99,0.151,0,0.142,0,0,0,39.95,0.0,0,0,0,1
C102747,6,34,51,East,app,Basic,2,16.61,0.117,1,0.056,0,0,0,33.22,0.0196078431372549,0,0,0,1
C102749,13,64,61,West,app,Plus,7,18.69,0.241,0,0.1,0,0,0,130.83,0.0,0,0,0,0
C102751,4,74,42,Center,app,Basic,9,11.21,0.0,0,0.007,0,0,0,100.89000000000001,0.0,0,0,0,0
C102752,13,29,70,North,web,Basic,8,10.42,0.15,1,0.128,0,0,0,83.36,0.014285714285714285,0,0,0,0
C102753,10,52,3,East,web,Plus,2,18.15,0.25,0,0.127,1,1,0,36.3,0.0,1,0,1,1
C102756,5,58,60,South,app,Basic,4,7.66,0.219,0,0.283,0,1,0,30.64,0.0,0,1,0,1
C102761,5,54,5,Center,web,Basic,4,10.53,0.448,0,0.008,0,0,0,42.12,0.0,0,0,1,1
C102762,5,30,29,North,app,Basic,11,13.12,0.104,2,0.271,0,0,0,144.32,0.06896551724137931,0,1,0,0
C102763,4,30,39,North,app,Premium,5,13.55,0.139,1,0.086,1,0,0,67.75,0.02564102564102564,1,0,0,0
C102764,12,55,16,West,app,Basic,5,9.94,0.0,0,0.157,0,1,0,49.699999999999996,0.0,0,0,0,1
C102765,10,39,11,North,web,Plus,3,12.5,0.39,0,0.0,2,1,0,37.5,0.0,1,0,0,1
C102768,2,20,14,Center,app,Plus,7,12.23,0.24,1,0.165,0,0,1,85.61,0.07142857142857142,0,0,0,0
C102769,3,70,7,Center,app,Basic,4,21.39,0.112,0,0.134,0,1,0,85.56,0.0,0,0,0,0
C102772,4,34,36,Center,web,Premium,6,6.13,0.152,1,0.144,0,1,0,36.78,0.027777777777777776,0,0,0,1
C102773,11,40,50,East,web,Basic,7,6.68,0.019,0,0.113,0,0,1,46.76,0.0,0,0,0,1
C102775,11,19,20,North,app,Plus,2,13.77,0.172,0,0.034,0,0,0,27.54,0.0,0,0,0,1
C102776,7,28,48,East,app,Plus,4,4.92,0.161,0,0.109,0,0,0,19.68,0.0,0,0,0,1
C102777,9,57,43,West,app,Plus,1,7.76,0.264,0,0.0,0,0,0,7.76,0.0,0,0,0,1
C102778,7,41,61,Center,app,Basic,4,17.13,0.205,0,0.0,1,1,1,68.52,0.0,1,0,0,0
C102779,12,43,24,Center,web,Plus,7,18.51,0.162,1,0.137,2,0,0,129.57000000000002,0.041666666666666664,1,0,0,0
C102781,13,63,19,North,web,Premium,5,15.27,0.227,1,0.052,0,0,0,76.35,0.05263157894736842,0,0,0,0
C102782,2,24,1,Center,web,Premium,3,7.61,0.239,0,0.0,0,0,1,22.830000000000002,0.0,0,0,1,1
C102784,9,32,61,West,web,Plus,8,12.57,0.262,0,0.168,1,0,0,100.56,0.0,1,0,0,0
C102786,11,42,13,Center,store,Basic,6,12.36,0.516,0,0.0,0,0,1,74.16,0.0,0,0,0,0
C102788,9,30,18,North,app,Basic,8,5.32,0.27,0,0.139,0,0,0,42.56,0.0,0,0,0,1
C102789,12,44,6,West,app,Plus,6,10.55,0.115,2,0.176,1,1,1,63.300000000000004,0.3333333333333333,1,0,0,0
C102790,11,38,38,South,web,Basic,6,23.88,0.0,2,0.1,0,0,1,143.28,0.05263157894736842,0,0,0,0
C102791,13,28,14,East,web,Basic,5,14.9,0.206,0,0.052,0,1,0,74.5,0.0,0,0,0,0
C102792,3,29,49,North,app,Basic,5,15.64,0.056,0,0.235,0,1,0,78.2,0.0,0,1,0,0
C102793,7,40,7,Center,store,Premium,7,12.71,0.198,0,0.137,0,0,0,88.97,0.0,0,0,0,0
C102794,7,56,3,East,app,Premium,4,13.2,0.244,0,0.016,2,1,0,52.8,0.0,1,0,1,1
C102797,1,28,38,Center,app,Premium,4,9.67,0.258,0,0.085,0,0,0,38.68,0.0,0,0,0,1
C102798,4,50,42,East,store,Plus,4,14.35,0.324,1,0.0,1,0,1,57.4,0.023809523809523808,1,0,0,0
C102799,3,23,34,Center,app,Basic,6,14.25,0.115,0,0.014,0,0,1,85.5,0.0,0,0,0,0
C102800,7,25,41,West,app,Premium,4,11.4,0.238,0,0.065,0,0,1,45.6,0.0,0,0,0,1
C102802,6,57,8,West,web,Plus,3,14.62,0.33,1,0.0,0,1,0,43.86,0.125,0,0,0,1
C102803,9,31,58,North,web,Plus,6,11.9,0.073,0,0.0,0,0,0,71.4,0.0,0,0,0,0
C102805,2,63,45,South,store,Plus,4,13.5,0.094,0,0.275,0,1,0,54.0,0.0,0,1,0,1
C102807,2,64,37,West,store,Basic,5,12.12,0.149,0,0.0,0,1,0,60.599999999999994,0.0,0,0,0,0
C102810,6,64,6,Center,app,Basic,4,11.16,0.055,1,0.066,0,0,1,44.64,0.16666666666666666,0,0,0,1
C102812,7,23,61,East,app,Premium,4,13.59,0.263,0,0.095,0,1,0,54.36,0.0,0,0,0,1
C102815,4,28,41,North,web,Plus,6,15.7,0.084,0,0.118,0,0,0,94.19999999999999,0.0,0,0,0,0
C102817,10,64,34,West,app,Plus,7,12.16,0.058,0,0.0,0,0,1,85.12,0.0,0,0,0,0
C102820,11,28,59,Center,store,Basic,8,11.2,0.267,2,0.055,0,0,0,89.6,0.03389830508474576,0,0,0,0
C102822,9,44,18,South,app,Basic,8,10.69,0.044,0,0.176,1,0,0,85.52,0.0,1,0,0,0
C102825,2,65,57,North,web,Basic,11,17.84,0.15,0,0.006,1,1,0,196.24,0.0,1,0,0,0
C102826,12,47,66,South,web,Basic,5,9.94,0.357,0,0.0,0,1,0,49.699999999999996,0.0,0,0,0,1
C102827,10,34,67,North,web,Premium,10,10.83,0.108,0,0.066,0,0,0,108.3,0.0,0,0,0,0
C102829,4,56,4,North,app,Basic,8,13.01,0.034,0,0.031,0,1,0,104.08,0.0,0,0,1,0
C102830,6,34,39,West,web,Premium,2,3.74,0.298,0,0.0,0,0,0,7.48,0.0,0,0,0,1
C102831,9,47,2,North,app,Plus,4,11.7,0.305,0,0.054,0,0,0,46.8,0.0,0,0,1,1
C102832,4,55,58,North,app,Plus,4,17.39,0.044,0,0.0,0,0,0,69.56,0.0,0,0,0,0
C102833,8,37,1,Center,store,Plus,4,3.13,0.229,2,0.125,1,1,1,12.52,2.0,1,0,1,1
C102837,9,26,10,West,web,Plus,5,3.84,0.135,0,0.055,0,0,0,19.2,0.0,0,0,0,1
C102840,4,63,54,Center,app,Premium,8,14.79,0.226,0,0.0,0,0,0,118.32,0.0,0,0,0,0
C102841,2,39,48,Center,app,Basic,5,23.95,0.29,0,0.016,0,0,0,119.75,0.0,0,0,0,0
C102842,5,74,38,North,app,Basic,4,10.24,0.132,0,0.04,0,0,0,40.96,0.0,0,0,0,1
C102845,1,66,62,North,app,Plus,7,6.24,0.494,0,0.066,0,0,0,43.68,0.0,0,0,0,1
C102847,1,56,18,Center,web,Plus,4,6.51,0.115,2,0.065,0,0,1,26.04,0.1111111111111111,0,0,0,1
C102849,10,56,40,North,app,Premium,4,15.64,0.194,0,0.002,0,0,1,62.56,0.0,0,0,0,0
C102850,8,52,44,North,app,Premium,6,12.99,0.251,2,0.0,1,0,1,77.94,0.045454545454545456,1,0,0,0
C102851,13,74,26,East,web,Basic,7,8.28,0.059,0,0.206,0,0,0,57.959999999999994,0.0,0,1,0,0
C102854,4,25,69,Center,web,Plus,3,15.09,0.402,0,0.041,0,1,0,45.269999999999996,0.0,0,0,0,1
C102857,8,23,1,Center,app,Premium,3,9.81,0.072,1,0.101,0,0,0,29.43,1.0,0,0,1,1
C102858,10,18,61,East,web,Basic,4,17.36,0.216,0,0.044,0,1,0,69.44,0.0,0,0,0,0
C102860,7,20,54,West,store,Plus,7,16.5,0.0,0,0.169,0,1,1,115.5,0.0,0,0,0,0
C102866,5,59,50,East,app,Plus,4,9.8,0.196,0,0.045,1,0,1,39.2,0.0,1,0,0,1
C102867,8,67,24,West,web,Basic,1,11.85,0.503,0,0.0,0,0,0,11.85,0.0,0,0,0,1
C102868,9,58,9,East,web,Plus,4,11.0,0.311,1,0.119,1,1,0,44.0,0.1111111111111111,1,0,0,1
C102869,9,47,50,East,app,Basic,6,14.54,0.274,1,0.111,0,0,1,87.24,0.02,0,0,0,0
C102870,6,59,50,East,app,Basic,5,13.35,0.248,0,0.257,0,1,0,66.75,0.0,0,1,0,0
C102873,9,43,14,North,web,Basic,6,7.65,0.197,1,0.0,1,1,0,45.900000000000006,0.07142857142857142,1,0,0,1
C102879,11,29,8,West,app,Plus,7,11.95,0.251,2,0.089,0,0,0,83.64999999999999,0.25,0,0,0,0
C102885,9,74,17,North,app,Basic,4,14.35,0.119,1,0.0,0,1,0,57.4,0.058823529411764705,0,0,0,0
C102886,7,40,71,North,app,Basic,6,10.37,0.11,0,0.018,0,1,0,62.22,0.0,0,0,0,0
C102887,2,37,8,Center,store,Basic,9,13.79,0.474,0,0.128,0,1,1,124.10999999999999,0.0,0,0,0,0
C102889,4,31,47,South,web,Premium,3,15.82,0.326,0,0.13,0,0,0,47.46,0.0,0,0,0,1
C102895,4,73,36,West,web,Plus,5,13.29,0.179,1,0.069,1,1,0,66.44999999999999,0.027777777777777776,1,0,0,0
C102897,9,66,23,West,store,Premium,8,18.36,0.249,0,0.0,0,1,0,146.88,0.0,0,0,0,0
C102900,9,61,46,Center,web,Premium,10,11.28,0.17,0,0.052,0,0,0,112.8,0.0,0,0,0,0
C102901,4,42,15,East,app,Plus,5,11.35,0.206,0,0.156,2,0,0,56.75,0.0,1,0,0,0
C102902,1,65,55,North,app,Basic,8,13.89,0.025,1,0.09,0,1,0,111.12,0.01818181818181818,0,0,0,0
C102903,10,29,46,West,store,Premium,4,14.91,0.0,0,0.0,0,0,0,59.64,0.0,0,0,0,0
C102904,6,43,48,West,app,Basic,3,18.32,0.125,0,0.061,0,1,0,54.96,0.0,0,0,0,0
C102905,2,24,67,East,store,Plus,8,16.74,0.127,0,0.0,0,0,0,133.92,0.0,0,0,0,0
C102912,1,26,71,Center,app,Premium,2,13.18,0.284,0,0.108,0,1,0,26.36,0.0,0,0,0,1
C102916,9,54,67,Center,app,Basic,6,9.14,0.252,0,0.124,0,0,0,54.84,0.0,0,0,0,0
C102918,9,19,42,East,web,Basic,3,14.16,0.38,1,0.06,0,0,0,42.480000000000004,0.023809523809523808,0,0,0,1
C102920,2,43,57,East,app,Premium,5,12.36,0.117,0,0.282,0,1,0,61.8,0.0,0,1,0,0
C102925,1,27,20,East,web,Plus,3,10.02,0.46,1,0.176,0,0,1,30.06,0.05,0,0,0,1
C102929,5,71,54,South,app,Plus,6,7.97,0.001,0,0.229,0,0,1,47.82,0.0,0,1,0,1
C102931,5,37,46,North,app,Premium,5,17.41,0.08,0,0.215,0,0,0,87.05,0.0,0,1,0,0
C102936,12,59,62,North,app,Basic,6,12.75,0.194,0,0.134,0,0,1,76.5,0.0,0,0,0,0
C102938,4,34,27,South,app,Premium,6,10.01,0.051,0,0.201,0,1,0,60.06,0.0,0,1,0,0
C102939,12,44,64,East,app,Premium,3,19.19,0.139,0,0.111,0,0,0,57.57000000000001,0.0,0,0,0,0
C102941,7,18,58,North,web,Basic,6,8.03,0.0,0,0.176,0,1,0,48.17999999999999,0.0,0,0,0,1
C102942,4,20,11,West,web,Basic,3,13.96,0.344,1,0.123,0,0,1,41.88,0.09090909090909091,0,0,0,1
C102943,12,58,7,East,store,Basic,4,15.21,0.18,0,0.0,1,0,1,60.84,0.0,1,0,0,0
C102945,9,32,38,East,web,Plus,2,13.95,0.229,0,0.0,0,1,0,27.9,0.0,0,0,0,1
C102946,2,43,59,East,web,Basic,7,6.73,0.0,0,0.0,0,0,0,47.11,0.0,0,0,0,1
C102947,6,62,16,North,web,Basic,7,10.14,0.255,0,0.255,0,0,0,70.98,0.0,0,1,0,0
C102949,7,45,55,Center,app,Premium,3,17.65,0.169,0,0.0,0,1,0,52.949999999999996,0.0,0,0,0,1
C102950,12,67,33,Center,web,Premium,2,11.21,0.135,0,0.197,0,1,1,22.42,0.0,0,0,0,1
C102952,4,18,67,South,web,Plus,6,9.49,0.207,1,0.188,2,1,0,56.94,0.014925373134328358,1,0,0,0
C102954,12,31,68,South,web,Premium,3,19.02,0.303,0,0.142,0,0,0,57.06,0.0,0,0,0,0
C102955,9,56,52,North,web,Plus,7,14.61,0.243,0,0.147,0,1,0,102.27,0.0,0,0,0,0
C102958,11,52,25,Center,app,Plus,6,16.99,0.456,0,0.145,0,0,0,101.94,0.0,0,0,0,0
C102959,4,63,27,South,app,Basic,7,4.56,0.107,0,0.06,0,1,0,31.919999999999998,0.0,0,0,0,1
C102960,5,44,56,North,store,Premium,10,1.0,0.316,1,0.031,0,1,0,10.0,0.017857142857142856,0,0,0,1
C102961,8,21,41,West,app,Basic,5,10.5,0.467,0,0.052,0,1,0,52.5,0.0,0,0,0,1
C102962,9,42,17,South,web,Premium,6,8.64,0.277,0,0.188,1,0,0,51.84,0.0,1,0,0,1
C102964,5,41,6,Center,web,Basic,6,13.34,0.03,0,0.24,0,0,1,80.03999999999999,0.0,0,1,0,0
C102966,10,29,42,Center,app,Basic,0,15.72,0.095,1,0.153,0,1,0,0.0,0.023809523809523808,0,0,0,1
C102967,3,23,14,Center,app,Plus,6,11.57,0.018,0,0.181,1,1,0,69.42,0.0,1,0,0,0
C102968,3,46,9,Center,app,Premium,6,6.34,0.224,0,0.0,0,1,0,38.04,0.0,0,0,0,1
C102972,8,42,23,North,app,Basic,6,4.75,0.0,0,0.163,0,1,0,28.5,0.0,0,0,0,1
C102973,1,72,11,Center,web,Plus,4,6.65,0.146,1,0.1,0,0,1,26.6,0.09090909090909091,0,0,0,1
C102974,11,47,36,North,web,Basic,4,21.07,0.226,0,0.099,0,1,0,84.28,0.0,0,0,0,0
C102976,4,56,31,North,app,Basic,3,13.27,0.16,0,0.12,0,0,0,39.81,0.0,0,0,0,1
C102978,12,21,51,South,web,Basic,2,18.87,0.087,0,0.11,0,1,1,37.74,0.0,0,0,0,1
C102981,11,35,64,West,web,Basic,6,14.01,0.099,0,0.0,0,1,0,84.06,0.0,0,0,0,0
C102983,1,40,68,North,app,Basic,2,17.43,0.35,0,0.0,0,0,0,34.86,0.0,0,0,0,1
C102986,1,24,59,South,app,Basic,4,7.99,0.139,1,0.01,0,1,0,31.96,0.01694915254237288,0,0,0,1
C102987,4,34,41,South,web,Basic,3,18.09,0.0,1,0.088,0,1,0,54.269999999999996,0.024390243902439025,0,0,0,1
C102991,9,61,11,East,web,Plus,7,7.1,0.157,0,0.007,1,0,0,49.699999999999996,0.0,1,0,0,1
C102992,5,48,6,Center,web,Plus,1,10.84,0.0,0,0.158,0,1,1,10.84,0.0,0,0,0,1
C102994,9,74,39,Center,web,Premium,8,18.0,0.125,0,0.092,0,0,1,144.0,0.0,0,0,0,0
C102997,13,45,26,Center,app,Basic,6,11.11,0.035,0,0.0,0,1,1,66.66,0.0,0,0,0,0
C103000,12,48,36,East,app,Basic,3,15.12,0.324,0,0.0,0,1,0,45.36,0.0,0,0,0,1
C103001,1,54,58,East,store,Plus,3,12.81,0.147,1,0.041,0,1,0,38.43,0.017241379310344827,0,0,0,1
C103004,11,66,48,South,web,Basic,3,16.04,0.187,0,0.0,0,0,0,48.12,0.0,0,0,0,1
C103006,13,24,14,Center,web,Basic,2,12.87,0.306,0,0.042,0,0,1,25.74,0.0,0,0,0,1
C103009,13,35,24,Center,web,Basic,4,15.96,0.242,0,0.017,0,1,0,63.84,0.0,0,0,0,0
C103011,5,34,66,Center,app,Basic,5,18.97,0.275,0,0.138,0,0,1,94.85,0.0,0,0,0,0
C103012,8,68,51,Center,web,Basic,1,13.8,0.195,0,0.065,0,0,0,13.8,0.0,0,0,0,1
C103014,2,71,42,North,app,Plus,4,15.57,0.176,1,0.272,0,0,0,62.28,0.023809523809523808,0,1,0,0
C103016,4,22,68,North,web,Plus,1,9.0,0.128,0,0.053,0,0,1,9.0,0.0,0,0,0,1
C103019,6,19,35,East,web,Plus,3,17.56,0.18,0,0.2,1,0,0,52.67999999999999,0.0,1,1,0,1
C103022,13,29,70,East,web,Basic,6,7.64,0.042,0,0.119,0,1,0,45.839999999999996,0.0,0,0,0,1
C103024,10,25,12,East,app,Basic,5,12.22,0.349,0,0.182,0,0,1,61.1,0.0,0,0,0,0
C103027,7,51,53,South,app,Premium,1,11.45,0.161,0,0.052,0,0,0,11.45,0.0,0,0,0,1
C103028,12,41,34,North,app,Plus,6,9.68,0.111,0,0.153,0,1,0,58.08,0.0,0,0,0,0
C103032,13,73,5,South,web,Premium,7,21.26,0.023,1,0.024,0,1,1,148.82000000000002,0.2,0,0,1,0
C103033,12,54,17,East,app,Basic,3,10.98,0.111,2,0.051,0,0,1,32.94,0.11764705882352941,0,0,0,1
C103034,4,38,47,North,app,Premium,9,14.5,0.222,0,0.021,0,1,0,130.5,0.0,0,0,0,0
C103035,6,67,18,West,web,Plus,3,12.71,0.03,1,0.004,0,1,1,38.13,0.05555555555555555,0,0,0,1
C103037,3,37,62,Center,app,Basic,4,10.31,0.189,1,0.068,0,1,1,41.24,0.016129032258064516,0,0,0,1
C103041,5,18,8,West,app,Premium,2,8.39,0.478,1,0.128,0,0,1,16.78,0.125,0,0,0,1
C103042,9,18,40,Center,app,Plus,6,18.25,0.12,1,0.143,0,1,0,109.5,0.025,0,0,0,0
C103044,3,53,54,East,web,Basic,5,8.44,0.126,0,0.0,0,0,0,42.199999999999996,0.0,0,0,0,1
C103048,13,54,67,Center,store,Basic,8,13.53,0.0,0,0.183,0,1,0,108.24,0.0,0,0,0,0
C103050,3,72,6,Center,web,Premium,6,15.11,0.245,1,0.159,0,0,0,90.66,0.16666666666666666,0,0,0,0
C103052,13,49,59,North,app,Premium,1,15.07,0.085,1,0.0,0,0,1,15.07,0.01694915254237288,0,0,0,1
C103058,3,47,61,West,app,Plus,3,12.44,0.178,0,0.0,0,1,0,37.32,0.0,0,0,0,1
C103059,6,21,22,North,app,Plus,2,12.88,0.231,0,0.0,1,0,0,25.76,0.0,1,0,0,1
C103060,11,67,64,Center,store,Basic,8,8.88,0.389,0,0.063,0,1,1,71.04,0.0,0,0,0,0
C103061,2,40,63,Center,web,Plus,5,14.62,0.23,0,0.0,0,1,0,73.1,0.0,0,0,0,0
C103063,6,54,40,South,app,Basic,3,7.2,0.177,0,0.0,0,0,0,21.6,0.0,0,0,0,1
C103066,1,47,61,North,app,Basic,6,10.17,0.339,0,0.057,0,0,0,61.019999999999996,0.0,0,0,0,0
C103067,10,43,10,South,app,Premium,2,19.81,0.124,0,0.121,0,1,0,39.62,0.0,0,0,0,1
C103070,10,67,68,South,store,Premium,6,14.75,0.246,0,0.169,0,0,0,88.5,0.0,0,0,0,0
C103072,2,49,25,North,web,Premium,2,10.33,0.44,0,0.0,0,0,0,20.66,0.0,0,0,0,1
C103074,10,28,28,Center,web,Basic,5,17.24,0.166,0,0.0,1,0,0,86.19999999999999,0.0,1,0,0,0
C103075,3,58,40,Center,web,Plus,11,8.18,0.327,1,0.021,1,1,0,89.97999999999999,0.025,1,0,0,0
C103077,9,48,4,South,web,Premium,4,5.14,0.153,0,0.204,0,1,0,20.56,0.0,0,1,1,1
C103080,10,73,58,Center,web,Basic,8,16.65,0.196,0,0.135,0,1,0,133.2,0.0,0,0,0,0
C103081,2,31,43,Center,app,Basic,7,5.45,0.076,1,0.18,1,1,0,38.15,0.023255813953488372,1,0,0,1
C103082,9,55,49,Center,app,Plus,3,7.75,0.142,0,0.045,0,1,0,23.25,0.0,0,0,0,1
C103083,11,21,32,West,app,Premium,7,4.85,0.313,0,0.081,0,1,0,33.949999999999996,0.0,0,0,0,1
C103086,10,57,7,North,web,Premium,12,8.5,0.253,1,0.063,1,1,0,102.0,0.14285714285714285,1,0,0,0
C103089,1,41,66,West,app,Plus,2,15.42,0.161,2,0.059,0,0,0,30.84,0.030303030303030304,0,0,0,1
C103092,10,37,59,South,web,Plus,2,12.49,0.129,0,0.063,0,1,0,24.98,0.0,0,0,0,1
C103094,13,54,27,Center,app,Basic,2,16.07,0.282,1,0.0,0,1,0,32.14,0.037037037037037035,0,0,0,1
C103096,5,38,37,North,app,Basic,4,16.41,0.068,0,0.0,0,1,1,65.64,0.0,0,0,0,0
C103097,11,19,40,North,app,Basic,3,17.49,0.004,0,0.088,0,1,0,52.47,0.0,0,0,0,1
C103101,3,64,15,North,app,Basic,3,14.62,0.317,0,0.039,0,1,0,43.86,0.0,0,0,0,1
C103102,1,30,56,North,web,Premium,3,9.97,0.085,0,0.021,0,0,0,29.910000000000004,0.0,0,0,0,1
C103104,11,45,14,Center,store,Basic,7,11.6,0.144,0,0.131,0,1,1,81.2,0.0,0,0,0,0
C103105,11,43,1,West,app,Basic,3,12.52,0.134,0,0.052,1,0,0,37.56,0.0,1,0,1,1
C103106,12,68,52,South,web,Premium,4,12.15,0.214,2,0.169,0,0,0,48.6,0.038461538461538464,0,0,0,1
C103109,4,48,1,East,web,Basic,3,16.24,0.153,1,0.031,0,1,1,48.72,1.0,0,0,1,1
C103110,9,67,33,West,app,Plus,9,14.07,0.246,0,0.136,0,1,0,126.63,0.0,0,0,0,0
C103111,9,30,19,West,app,Plus,7,14.74,0.0,0,0.22,0,1,0,103.18,0.0,0,1,0,0
C103114,6,43,51,West,store,Basic,7,9.76,0.302,1,0.028,0,0,0,68.32,0.0196078431372549,0,0,0,0
C103116,11,54,24,East,app,Premium,7,11.4,0.3,1,0.027,1,1,1,79.8,0.041666666666666664,1,0,0,0
C103117,5,36,65,East,app,Plus,7,10.69,0.0,0,0.174,0,1,0,74.83,0.0,0,0,0,0
C103120,13,25,58,North,app,Plus,6,15.3,0.015,1,0.054,0,1,0,91.80000000000001,0.017241379310344827,0,0,0,0
C103122,11,63,62,South,app,Basic,3,10.24,0.375,0,0.0,0,1,0,30.72,0.0,0,0,0,1
C103123,9,35,12,Center,web,Plus,7,7.82,0.277,1,0.0,0,0,1,54.74,0.08333333333333333,0,0,0,0
C103125,10,55,36,North,store,Plus,4,14.37,0.157,1,0.152,1,0,0,57.48,0.027777777777777776,1,0,0,0
C103128,10,74,8,Center,web,Basic,2,12.57,0.337,0,0.197,0,1,1,25.14,0.0,0,0,0,1
C103130,7,53,23,Center,web,Basic,5,22.92,0.261,0,0.0,0,1,0,114.60000000000001,0.0,0,0,0,0
C103132,8,63,5,Center,app,Basic,3,12.25,0.0,0,0.198,3,1,1,36.75,0.0,1,0,1,1
C103134,1,61,64,West,app,Plus,4,15.37,0.189,1,0.295,0,0,0,61.48,0.015625,0,1,0,0
C103135,5,66,48,Center,web,Plus,4,10.89,0.043,0,0.152,0,0,0,43.56,0.0,0,0,0,1
C103136,2,19,9,South,web,Plus,6,15.98,0.246,0,0.0,1,1,0,95.88,0.0,1,0,0,0
C103137,10,44,2,East,app,Plus,5,11.79,0.294,2,0.0,0,0,0,58.949999999999996,1.0,0,0,1,0
C103140,4,53,14,Center,app,Plus,4,20.35,0.007,0,0.0,0,1,0,81.4,0.0,0,0,0,0
C103142,12,51,2,North,app,Basic,5,11.3,0.435,1,0.0,0,1,0,56.5,0.5,0,0,1,0
C103145,6,61,41,South,app,Plus,3,1.0,0.12,0,0.045,1,1,0,3.0,0.0,1,0,0,1
C103148,8,32,68,West,app,Plus,8,12.93,0.393,0,0.109,0,1,0,103.44,0.0,0,0,0,0
C103150,7,48,51,South,app,Plus,5,15.43,0.221,1,0.143,0,1,0,77.15,0.0196078431372549,0,0,0,0
C103151,3,27,22,West,web,Basic,2,11.81,0.047,0,0.087,0,0,1,23.62,0.0,0,0,0,1
C103152,7,53,23,South,web,Plus,7,9.75,0.177,0,0.119,0,0,1,68.25,0.0,0,0,0,0
C103155,10,44,37,West,web,Plus,6,8.38,0.123,0,0.096,0,0,0,50.28,0.0,0,0,0,1
C103156,10,50,8,North,store,Plus,5,14.24,0.187,0,0.235,3,1,0,71.2,0.0,1,1,0,0
C103157,8,72,59,South,app,Basic,8,14.48,0.281,0,0.038,0,0,0,115.84,0.0,0,0,0,0
C103159,9,71,32,West,app,Premium,3,14.29,0.335,1,0.093,1,0,0,42.87,0.03125,1,0,0,1
C103161,7,73,4,East,web,Basic,4,8.88,0.043,0,0.061,0,1,0,35.52,0.0,0,0,1,1
C103162,10,30,44,North,web,Plus,7,12.15,0.225,0,0.0,0,0,0,85.05,0.0,0,0,0,0
C103164,1,20,60,East,web,Basic,7,10.97,0.337,0,0.026,1,0,0,76.79,0.0,1,0,0,0
C103165,2,56,16,East,app,Plus,6,14.46,0.091,1,0.063,0,0,1,86.76,0.0625,0,0,0,0
C103168,10,26,37,North,app,Premium,3,3.83,0.0,0,0.188,0,1,0,11.49,0.0,0,0,0,1
C103172,4,42,20,West,app,Basic,6,16.24,0.088,1,0.38,0,0,1,97.44,0.05,0,1,0,0
C103173,3,65,10,South,web,Basic,4,4.24,0.233,1,0.138,0,0,1,16.96,0.1,0,0,0,1
C103175,11,33,22,Center,app,Plus,5,3.97,0.013,0,0.028,0,1,1,19.85,0.0,0,0,0,1
C103176,11,30,51,North,app,Basic,5,17.75,0.183,0,0.051,0,0,0,88.75,0.0,0,0,0,0
C103177,7,22,43,North,store,Premium,6,12.78,0.049,0,0.0,0,1,0,76.67999999999999,0.0,0,0,0,0
C103179,13,35,19,East,app,Premium,2,8.42,0.199,0,0.086,0,0,0,16.84,0.0,0,0,0,1
C103180,2,43,29,South,store,Plus,8,9.71,0.119,0,0.152,0,0,0,77.68,0.0,0,0,0,0
C103181,6,36,4,West,app,Basic,2,11.98,0.198,0,0.169,0,0,0,23.96,0.0,0,0,1,1
C103182,10,51,25,West,web,Basic,3,11.89,0.298,0,0.112,0,1,0,35.67,0.0,0,0,0,1
C103183,9,59,42,East,store,Premium,3,8.51,0.075,0,0.17,0,0,0,25.53,0.0,0,0,0,1
C103184,13,18,69,Center,web,Plus,4,10.68,0.113,0,0.078,0,0,0,42.72,0.0,0,0,0,1
C103186,9,33,10,Center,web,Basic,5,16.55,0.204,0,0.0,0,1,0,82.75,0.0,0,0,0,0
C103188,13,23,69,Center,app,Plus,5,8.15,0.087,0,0.011,1,0,0,40.75,0.0,1,0,0,1
C103191,9,66,5,East,store,Basic,4,18.21,0.11,0,0.063,0,0,0,72.84,0.0,0,0,1,0
C103194,2,39,29,South,app,Basic,3,16.05,0.184,0,0.064,0,1,1,48.150000000000006,0.0,0,0,0,1
C103197,9,30,21,South,web,Premium,2,5.46,0.378,0,0.0,0,0,0,10.92,0.0,0,0,0,1
C103199,13,67,63,North,web,Premium,4,16.33,0.212,1,0.0,0,1,0,65.32,0.015873015873015872,0,0,0,0
C103201,2,61,1,South,app,Basic,7,7.67,0.169,0,0.0,0,1,0,53.69,0.0,0,0,1,1
C103203,8,47,46,South,app,Plus,3,15.33,0.104,0,0.0,0,0,1,45.99,0.0,0,0,0,1
C103205,6,27,53,South,web,Basic,8,5.73,0.202,0,0.117,0,0,0,45.84,0.0,0,0,0,1
C103206,5,52,4,West,app,Plus,8,12.98,0.16,1,0.167,0,0,1,103.84,0.25,0,0,1,0
C103210,2,42,56,South,app,Plus,6,10.98,0.199,1,0.082,0,1,0,65.88,0.017857142857142856,0,0,0,0
C103212,8,51,6,Center,web,Plus,5,7.19,0.113,0,0.129,1,0,1,35.95,0.0,1,0,0,1
C103213,10,21,18,North,app,Basic,8,10.35,0.314,0,0.189,0,0,0,82.8,0.0,0,0,0,0
C103214,2,61,50,East,web,Plus,7,5.3,0.097,2,0.059,0,0,0,37.1,0.04,0,0,0,1
C103215,3,41,4,East,app,Plus,1,16.61,0.189,0,0.134,0,0,1,16.61,0.0,0,0,1,1
C103218,3,24,37,East,web,Premium,5,6.6,0.244,0,0.0,0,0,0,33.0,0.0,0,0,0,1
C103221,3,39,10,East,app,Plus,6,13.52,0.0,1,0.003,0,1,1,81.12,0.1,0,0,0,0
C103222,6,33,63,Center,app,Basic,2,11.5,0.287,0,0.139,0,0,1,23.0,0.0,0,0,0,1
C103223,8,36,52,South,web,Basic,4,13.08,0.305,0,0.033,1,0,0,52.32,0.0,1,0,0,1
C103224,8,59,62,Center,web,Plus,10,19.11,0.317,0,0.034,0,0,0,191.1,0.0,0,0,0,0
C103226,9,26,5,Center,web,Basic,3,10.55,0.263,0,0.111,0,0,0,31.650000000000002,0.0,0,0,1,1
C103228,2,60,38,West,web,Plus,7,14.45,0.357,0,0.01,0,0,0,101.14999999999999,0.0,0,0,0,0
C103229,13,46,21,Center,app,Basic,8,10.3,0.359,1,0.0,0,0,0,82.4,0.047619047619047616,0,0,0,0
C103234,9,62,12,South,web,Basic,4,9.11,0.066,0,0.031,0,0,0,36.44,0.0,0,0,0,1
C103235,12,47,9,South,web,Basic,4,9.51,0.358,0,0.212,0,0,1,38.04,0.0,0,1,0,1
C103237,2,44,22,North,web,Basic,5,13.63,0.371,0,0.084,0,0,1,68.15,0.0,0,0,0,0
C103242,5,43,18,East,store,Basic,5,14.15,0.178,1,0.227,1,0,0,70.75,0.05555555555555555,1,1,0,0
C103243,12,66,68,East,app,Premium,3,10.35,0.098,2,0.078,1,0,0,31.049999999999997,0.029411764705882353,1,0,0,1
C103245,3,64,13,North,web,Plus,4,11.71,0.224,0,0.0,0,0,0,46.84,0.0,0,0,0,1
C103246,6,33,33,East,app,Premium,6,10.66,0.243,0,0.171,0,0,0,63.96,0.0,0,0,0,0
C103248,2,60,14,West,app,Plus,5,16.32,0.0,0,0.054,0,1,0,81.6,0.0,0,0,0,0
C103250,6,68,69,Center,app,Plus,3,13.68,0.036,0,0.0,0,1,0,41.04,0.0,0,0,0,1
C103253,12,57,55,South,store,Plus,3,15.18,0.139,0,0.0,0,0,0,45.54,0.0,0,0,0,1
C103254,9,38,36,West,app,Premium,6,14.73,0.261,1,0.244,0,0,0,88.38,0.027777777777777776,0,1,0,0
C103256,8,50,21,West,web,Basic,4,7.47,0.265,1,0.075,0,0,1,29.88,0.047619047619047616,0,0,0,1
C103257,11,32,39,Center,app,Basic,3,9.75,0.024,0,0.115,0,0,0,29.25,0.0,0,0,0,1
C103262,5,59,56,West,app,Plus,4,8.13,0.295,0,0.214,0,1,0,32.52,0.0,0,1,0,1
C103263,7,19,39,North,store,Basic,5,6.26,0.0,0,0.013,1,1,0,31.299999999999997,0.0,1,0,0,1
C103264,3,38,41,South,app,Premium,3,9.86,0.386,0,0.0,1,0,0,29.58,0.0,1,0,0,1
C103265,10,55,32,South,web,Plus,5,8.17,0.063,1,0.119,0,1,0,40.85,0.03125,0,0,0,1
C103267,10,60,29,North,web,Plus,6,12.85,0.132,0,0.285,0,1,0,77.1,0.0,0,1,0,0
C103269,5,62,39,Center,store,Basic,2,10.35,0.139,0,0.337,0,1,0,20.7,0.0,0,1,0,1
C103270,12,37,15,North,app,Basic,7,16.01,0.371,0,0.143,2,1,1,112.07000000000001,0.0,1,0,0,0
C103271,13,25,45,South,app,Plus,2,9.13,0.114,1,0.0,1,1,1,18.26,0.022222222222222223,1,0,0,1
C103273,1,54,50,West,web,Basic,6,11.32,0.303,1,0.148,0,1,0,67.92,0.02,0,0,0,0
C103274,8,25,50,North,app,Plus,6,8.11,0.21,0,0.124,0,1,1,48.66,0.0,0,0,0,1
C103275,12,65,64,South,web,Basic,7,19.09,0.058,1,0.261,0,1,0,133.63,0.015625,0,1,0,0
C103276,2,51,29,West,app,Basic,2,7.9,0.141,0,0.063,0,1,1,15.8,0.0,0,0,0,1
C103278,5,63,66,East,store,Premium,8,16.49,0.182,0,0.0,0,0,0,131.92,0.0,0,0,0,0
C103279,3,29,71,Center,app,Plus,4,17.06,0.0,0,0.085,0,0,0,68.24,0.0,0,0,0,0
C103280,3,74,35,West,web,Premium,6,11.18,0.117,0,0.054,0,1,0,67.08,0.0,0,0,0,0
C103283,7,44,20,North,web,Plus,11,12.01,0.158,1,0.0,0,0,0,132.10999999999999,0.05,0,0,0,0
C103284,8,38,39,South,web,Basic,2,6.15,0.095,0,0.0,0,1,1,12.3,0.0,0,0,0,1
C103287,6,48,6,Center,web,Plus,4,13.11,0.367,1,0.165,0,0,1,52.44,0.16666666666666666,0,0,0,1
C103288,9,74,22,East,app,Premium,3,11.13,0.242,0,0.203,0,0,0,33.39,0.0,0,1,0,1
C103290,10,35,52,South,app,Basic,7,13.44,0.191,0,0.066,1,0,0,94.08,0.0,1,0,0,0
C103293,9,48,49,Center,app,Plus,6,15.58,0.149,2,0.156,0,0,1,93.48,0.04081632653061224,0,0,0,0
C103294,9,73,20,West,app,Premium,6,21.34,0.0,1,0.077,0,1,0,128.04,0.05,0,0,0,0
C103297,8,32,44,South,web,Basic,4,14.25,0.183,1,0.036,0,0,1,57.0,0.022727272727272728,0,0,0,0
C103298,11,49,7,Center,web,Plus,1,11.41,0.01,0,0.144,0,1,1,11.41,0.0,0,0,0,1
C103299,13,58,28,South,app,Basic,6,14.71,0.159,0,0.155,0,0,0,88.26,0.0,0,0,0,0
C103300,1,38,24,North,app,Plus,1,11.48,0.075,0,0.053,0,0,1,11.48,0.0,0,0,0,1
C103301,6,59,33,West,store,Plus,2,17.43,0.075,0,0.091,0,0,0,34.86,0.0,0,0,0,1
C103303,13,59,19,North,web,Plus,5,7.7,0.28,1,0.0,1,0,1,38.5,0.05263157894736842,1,0,0,1
C103304,3,43,24,Center,web,Plus,4,9.78,0.096,1,0.07,0,1,0,39.12,0.041666666666666664,0,0,0,1
C103306,7,23,31,Center,store,Premium,2,16.84,0.114,0,0.21,0,0,1,33.68,0.0,0,1,0,1
C103308,1,54,52,West,web,Basic,3,12.12,0.0,0,0.0,1,0,0,36.36,0.0,1,0,0,1
C103310,13,61,47,Center,app,Premium,6,21.39,0.362,1,0.264,0,0,0,128.34,0.02127659574468085,0,1,0,0
C103312,9,38,33,Center,app,Basic,11,12.59,0.266,0,0.025,0,0,0,138.49,0.0,0,0,0,0
C103313,9,42,13,Center,web,Basic,5,13.5,0.0,1,0.0,1,0,1,67.5,0.07692307692307693,1,0,0,0
C103314,9,55,64,West,app,Plus,5,5.58,0.166,0,0.121,0,0,0,27.9,0.0,0,0,0,1
C103316,9,33,25,West,web,Plus,9,10.7,0.117,0,0.081,0,0,0,96.3,0.0,0,0,0,0
C103320,1,28,43,Center,web,Basic,6,14.65,0.24,0,0.299,0,1,1,87.9,0.0,0,1,0,0
C103326,10,57,17,East,web,Plus,5,4.2,0.076,0,0.197,0,0,0,21.0,0.0,0,0,0,1
C103328,11,50,36,East,app,Basic,3,11.95,0.032,0,0.052,1,0,1,35.849999999999994,0.0,1,0,0,1
C103329,5,20,4,North,app,Plus,3,8.09,0.19,1,0.0,0,1,0,24.27,0.25,0,0,1,1
C103330,6,41,24,East,app,Premium,8,13.99,0.202,0,0.21,0,0,0,111.92,0.0,0,1,0,0
C103331,9,43,42,East,app,Premium,3,7.23,0.342,1,0.119,0,0,0,21.69,0.023809523809523808,0,0,0,1
C103333,1,29,22,Center,app,Premium,7,16.7,0.0,0,0.261,2,0,0,116.89999999999999,0.0,1,1,0,0
C103334,6,60,69,Center,store,Plus,6,11.9,0.106,0,0.0,0,0,0,71.4,0.0,0,0,0,0
C103335,3,18,61,South,app,Plus,5,5.0,0.227,0,0.0,0,0,0,25.0,0.0,0,0,0,1
C103337,5,73,50,West,app,Plus,5,15.31,0.205,0,0.039,0,1,0,76.55,0.0,0,0,0,0
C103339,1,34,52,North,web,Basic,6,3.67,0.101,1,0.261,0,1,0,22.02,0.019230769230769232,0,1,0,1
C103341,11,48,64,West,app,Basic,7,8.22,0.176,0,0.083,0,0,0,57.540000000000006,0.0,0,0,0,0
C103342,6,56,37,North,web,Plus,4,16.66,0.0,0,0.035,0,1,1,66.64,0.0,0,0,0,0
C103346,4,68,1,East,web,Plus,6,11.43,0.226,0,0.0,1,0,0,68.58,0.0,1,0,1,0
C103348,6,32,27,Center,app,Basic,7,7.21,0.037,0,0.201,0,1,0,50.47,0.0,0,1,0,1
C103351,9,28,15,North,app,Plus,6,11.93,0.0,0,0.197,0,0,0,71.58,0.0,0,0,0,0
C103352,3,26,55,Center,app,Plus,2,13.74,0.125,0,0.065,0,1,0,27.48,0.0,0,0,0,1
C103353,8,41,15,North,app,Basic,5,3.91,0.009,0,0.0,1,1,1,19.55,0.0,1,0,0,1
C103354,2,57,54,North,app,Basic,5,10.66,0.173,0,0.029,0,0,0,53.3,0.0,0,0,0,1
C103355,11,39,8,Center,app,Basic,1,15.83,0.159,1,0.135,0,1,0,15.83,0.125,0,0,0,1
C103356,7,59,65,North,web,Plus,7,17.02,0.258,0,0.0,0,0,0,119.14,0.0,0,0,0,0
C103357,4,27,17,Center,app,Basic,6,15.54,0.354,0,0.075,0,1,1,93.24,0.0,0,0,0,0
C103358,5,70,58,North,web,Premium,5,22.75,0.173,1,0.1,0,0,0,113.75,0.017241379310344827,0,0,0,0
C103359,2,55,16,East,web,Premium,7,10.82,0.141,0,0.029,1,1,0,75.74000000000001,0.0,1,0,0,0
C103360,6,32,15,North,app,Premium,7,11.24,0.261,0,0.166,2,1,1,78.68,0.0,1,0,0,0
C103365,6,56,4,Center,app,Basic,5,8.62,0.197,0,0.043,0,0,0,43.099999999999994,0.0,0,0,1,1
C103366,5,24,20,Center,web,Plus,2,11.97,0.0,0,0.194,0,0,0,23.94,0.0,0,0,0,1
C103368,12,57,43,North,app,Basic,5,11.7,0.303,0,0.148,0,0,0,58.5,0.0,0,0,0,0
C103369,9,31,15,North,web,Premium,4,13.1,0.209,2,0.08,0,0,0,52.4,0.13333333333333333,0,0,0,1
C103370,2,21,40,East,app,Premium,4,11.67,0.18,0,0.062,0,1,0,46.68,0.0,0,0,0,1
C103374,11,35,19,North,app,Premium,7,10.74,0.245,1,0.0,0,1,0,75.18,0.05263157894736842,0,0,0,0
C103376,7,57,1,Center,app,Plus,5,19.07,0.359,1,0.0,1,0,0,95.35,1.0,1,0,1,0
C103378,8,49,8,West,app,Plus,8,14.86,0.179,0,0.169,0,1,0,118.88,0.0,0,0,0,0
C103379,9,65,35,West,web,Plus,6,12.63,0.095,0,0.035,0,0,0,75.78,0.0,0,0,0,0
C103382,5,68,47,North,store,Basic,3,4.56,0.159,0,0.0,0,1,0,13.68,0.0,0,0,0,1
C103383,9,33,22,Center,app,Plus,4,16.65,0.426,0,0.087,0,0,0,66.6,0.0,0,0,0,0
C103384,13,64,4,Center,web,Basic,5,5.55,0.111,0,0.0,1,0,0,27.75,0.0,1,0,1,1
C103385,12,34,38,Center,store,Premium,12,9.42,0.313,0,0.072,2,0,0,113.03999999999999,0.0,1,0,0,0
C103386,9,66,15,South,app,Premium,6,15.99,0.227,0,0.192,0,0,0,95.94,0.0,0,0,0,0
C103389,10,30,5,West,app,Plus,9,13.77,0.13,0,0.223,0,0,1,123.92999999999999,0.0,0,1,1,0
C103393,8,41,60,North,app,Basic,4,12.36,0.258,0,0.075,0,0,0,49.44,0.0,0,0,0,1
C103394,1,20,14,Center,app,Basic,1,8.8,0.141,0,0.04,0,1,0,8.8,0.0,0,0,0,1
C103395,3,55,25,West,web,Basic,10,10.9,0.146,0,0.211,0,1,0,109.0,0.0,0,1,0,0
C103397,10,26,49,North,web,Basic,6,10.15,0.172,1,0.207,0,1,1,60.900000000000006,0.02040816326530612,0,1,0,0
C103398,6,55,28,North,web,Basic,8,21.22,0.041,0,0.019,0,0,1,169.76,0.0,0,0,0,0
C103402,6,62,10,West,store,Basic,3,12.02,0.3,0,0.013,1,0,0,36.06,0.0,1,0,0,1
C103403,5,58,14,West,app,Plus,7,11.33,0.196,0,0.201,0,0,0,79.31,0.0,0,1,0,0
C103409,4,29,57,North,app,Plus,6,8.38,0.193,0,0.001,1,0,0,50.28,0.0,1,0,0,1
C103413,12,65,26,Center,web,Basic,5,11.34,0.179,1,0.083,0,0,1,56.7,0.038461538461538464,0,0,0,0
C103414,1,55,58,South,store,Basic,4,13.17,0.249,0,0.124,0,1,0,52.68,0.0,0,0,0,1
C103416,6,30,3,East,web,Plus,1,14.56,0.309,0,0.233,0,1,0,14.56,0.0,0,1,1,1
C103419,3,51,11,North,store,Plus,8,18.08,0.232,0,0.053,0,0,0,144.64,0.0,0,0,0,0
C103420,12,35,68,Center,app,Plus,2,20.23,0.123,2,0.0,0,0,0,40.46,0.029411764705882353,0,0,0,1
C103422,4,53,18,West,web,Premium,7,16.57,0.336,0,0.0,1,0,0,115.99000000000001,0.0,1,0,0,0
C103423,6,45,50,North,store,Plus,5,15.65,0.245,1,0.0,0,1,1,78.25,0.02,0,0,0,0
C103424,13,32,41,East,app,Basic,3,7.02,0.11,0,0.0,0,0,0,21.06,0.0,0,0,0,1
C103425,7,62,53,East,web,Basic,4,8.19,0.279,0,0.0,0,0,0,32.76,0.0,0,0,0,1
C103426,2,58,48,North,web,Basic,5,11.55,0.095,0,0.247,1,1,0,57.75,0.0,1,1,0,0
C103427,13,44,16,North,web,Premium,5,10.17,0.34,0,0.091,0,1,0,50.85,0.0,0,0,0,1
C103429,9,46,32,North,app,Basic,8,9.92,0.189,0,0.083,0,0,0,79.36,0.0,0,0,0,0
C103431,10,45,22,South,app,Basic,3,7.9,0.595,1,0.0,1,0,1,23.700000000000003,0.045454545454545456,1,0,0,1
C103432,7,25,45,West,web,Plus,1,6.98,0.0,0,0.129,0,0,0,6.98,0.0,0,0,0,1
C103433,10,43,28,South,store,Plus,6,22.01,0.193,0,0.096,0,1,0,132.06,0.0,0,0,0,0
C103436,10,57,13,Center,app,Plus,11,9.34,0.299,0,0.21,1,0,0,102.74,0.0,1,1,0,0
C103437,6,27,68,North,app,Plus,7,16.31,0.0,0,0.154,0,0,0,114.16999999999999,0.0,0,0,0,0
C103438,2,25,49,East,web,Premium,3,10.68,0.094,0,0.095,0,0,0,32.04,0.0,0,0,0,1
C103439,12,34,1,West,web,Plus,3,3.8,0.198,0,0.095,0,1,1,11.399999999999999,0.0,0,0,1,1
C103444,11,21,17,West,app,Basic,5,6.38,0.214,0,0.0,1,0,1,31.9,0.0,1,0,0,1
C103445,6,62,6,East,app,Plus,5,9.82,0.403,0,0.086,0,1,0,49.1,0.0,0,0,0,1
C103447,6,24,15,East,web,Plus,10,12.69,0.126,1,0.015,1,0,1,126.89999999999999,0.06666666666666667,1,0,0,0
C103448,4,48,67,East,app,Basic,6,15.27,0.009,0,0.041,0,0,0,91.62,0.0,0,0,0,0
C103449,11,29,21,Center,app,Plus,4,7.59,0.358,0,0.149,0,0,0,30.36,0.0,0,0,0,1
C103452,10,58,68,North,app,Basic,8,12.86,0.311,0,0.0,0,1,0,102.88,0.0,0,0,0,0
C103453,10,35,60,Center,app,Plus,4,16.98,0.289,0,0.113,0,0,1,67.92,0.0,0,0,0,0
C103454,3,33,4,Center,app,Plus,4,9.96,0.14,0,0.101,0,0,1,39.84,0.0,0,0,1,1
C103456,6,60,39,Center,app,Basic,4,5.38,0.311,0,0.023,0,0,0,21.52,0.0,0,0,0,1
C103459,12,46,2,South,web,Basic,6,13.94,0.196,0,0.164,0,1,0,83.64,0.0,0,0,1,0
C103460,8,63,43,North,app,Premium,5,12.81,0.0,0,0.118,1,0,1,64.05,0.0,1,0,0,0
C103461,6,56,45,Center,store,Plus,4,15.13,0.112,0,0.0,0,1,0,60.52,0.0,0,0,0,0
C103462,3,57,10,North,store,Premium,5,14.46,0.342,0,0.024,0,0,0,72.30000000000001,0.0,0,0,0,0
C103463,4,73,64,Center,app,Plus,3,7.53,0.222,0,0.047,0,0,0,22.59,0.0,0,0,0,1
C103464,8,43,8,Center,web,Premium,3,12.28,0.053,1,0.032,0,1,0,36.839999999999996,0.125,0,0,0,1
C103467,11,42,59,East,store,Basic,4,7.85,0.13,0,0.0,0,1,0,31.4,0.0,0,0,0,1
C103473,5,31,36,West,app,Plus,4,15.9,0.223,0,0.145,0,0,1,63.6,0.0,0,0,0,0
C103474,9,54,66,Center,app,Plus,6,10.14,0.252,0,0.115,0,1,0,60.84,0.0,0,0,0,0
C103476,7,38,37,East,web,Basic,10,9.83,0.011,0,0.081,1,0,0,98.3,0.0,1,0,0,0
C103477,4,21,63,Center,app,Basic,4,5.54,0.287,0,0.149,1,1,0,22.16,0.0,1,0,0,1
C103478,7,58,14,North,web,Premium,5,9.03,0.16,0,0.317,2,1,0,45.15,0.0,1,1,0,1
C103479,13,29,4,North,app,Basic,5,10.12,0.338,0,0.0,0,0,1,50.599999999999994,0.0,0,0,1,1
C103480,2,57,47,Center,store,Premium,5,10.0,0.099,1,0.067,1,1,0,50.0,0.02127659574468085,1,0,0,1
C103481,6,55,36,East,app,Basic,0,7.78,0.118,2,0.029,0,1,0,0.0,0.05555555555555555,0,0,0,1
C103482,6,72,17,Center,app,Basic,5,11.84,0.169,0,0.152,0,1,0,59.2,0.0,0,0,0,0
C103483,13,51,18,West,store,Plus,5,9.71,0.0,1,0.096,1,0,1,48.550000000000004,0.05555555555555555,1,0,0,1
C103484,10,24,25,North,store,Basic,9,10.85,0.102,0,0.092,0,0,0,97.64999999999999,0.0,0,0,0,0
C103488,6,67,18,North,app,Plus,9,13.56,0.318,1,0.163,0,1,0,122.04,0.05555555555555555,0,0,0,0
C103489,10,41,26,West,store,Basic,5,11.94,0.0,1,0.0,0,0,1,59.699999999999996,0.038461538461538464,0,0,0,0
C103490,6,68,59,Center,store,Plus,7,7.19,0.221,0,0.105,1,1,0,50.330000000000005,0.0,1,0,0,1
C103493,2,23,1,North,web,Basic,8,17.48,0.143,2,0.186,0,1,0,139.84,2.0,0,0,1,0
C103494,3,70,67,Center,app,Premium,6,13.32,0.124,0,0.119,2,1,1,79.92,0.0,1,0,0,0
C103496,9,60,55,West,store,Basic,6,17.2,0.156,0,0.109,0,0,0,103.19999999999999,0.0,0,0,0,0
C103497,6,23,64,North,app,Plus,4,2.05,0.186,0,0.0,0,1,0,8.2,0.0,0,0,0,1
C103501,2,68,68,South,app,Premium,6,5.82,0.01,0,0.095,0,0,0,34.92,0.0,0,0,0,1
C103502,12,48,27,South,web,Plus,7,9.04,0.331,0,0.272,0,1,1,63.279999999999994,0.0,0,1,0,0
C103505,1,69,15,North,app,Basic,6,12.48,0.0,0,0.105,0,0,0,74.88,0.0,0,0,0,0
C103508,7,72,53,East,web,Plus,3,14.46,0.187,0,0.0,0,0,0,43.38,0.0,0,0,0,1
C103510,6,28,42,South,web,Plus,6,13.18,0.207,0,0.052,0,0,1,79.08,0.0,0,0,0,0
C103513,1,43,27,South,store,Basic,9,9.27,0.15,0,0.0,0,1,0,83.42999999999999,0.0,0,0,0,0
C103514,3,34,54,West,app,Plus,5,5.87,0.156,0,0.0,1,0,0,29.35,0.0,1,0,0,1
C103516,5,33,58,Center,web,Basic,3,17.0,0.254,0,0.092,0,1,0,51.0,0.0,0,0,0,1
C103520,5,32,1,Center,app,Plus,4,12.8,0.045,0,0.013,1,0,0,51.2,0.0,1,0,1,1
C103523,2,29,5,West,store,Basic,6,12.16,0.218,1,0.0,0,0,0,72.96000000000001,0.2,0,0,1,0
C103524,6,48,44,South,store,Basic,5,19.3,0.285,0,0.15,0,0,0,96.5,0.0,0,0,0,0
C103525,6,18,60,North,app,Plus,5,15.72,0.286,0,0.132,0,0,0,78.60000000000001,0.0,0,0,0,0
C103528,5,38,19,Center,app,Basic,4,17.01,0.0,0,0.14,0,1,0,68.04,0.0,0,0,0,0
C103529,10,22,43,Center,store,Plus,8,15.76,0.132,0,0.0,0,0,1,126.08,0.0,0,0,0,0
C103530,4,29,18,Center,app,Plus,3,10.38,0.059,0,0.0,1,0,0,31.14,0.0,1,0,0,1
C103533,12,57,36,East,web,Basic,7,12.72,0.0,0,0.146,0,0,1,89.04,0.0,0,0,0,0
C103534,7,27,41,East,store,Premium,6,13.27,0.184,1,0.032,0,0,0,79.62,0.024390243902439025,0,0,0,0
C103535,4,39,20,West,web,Plus,2,13.92,0.231,0,0.045,0,0,0,27.84,0.0,0,0,0,1
C103537,11,65,38,North,app,Basic,9,7.27,0.394,0,0.032,0,1,0,65.42999999999999,0.0,0,0,0,0
C103538,10,40,1,West,web,Basic,4,18.76,0.359,0,0.062,0,0,0,75.04,0.0,0,0,1,0
C103539,13,63,36,North,web,Premium,4,8.94,0.069,0,0.0,0,0,0,35.76,0.0,0,0,0,1
C103541,3,36,22,East,web,Plus,6,15.16,0.142,0,0.077,1,1,0,90.96000000000001,0.0,1,0,0,0
C103542,9,30,10,North,web,Premium,8,8.87,0.114,1,0.0,0,0,0,70.96,0.1,0,0,0,0
C103543,8,66,17,West,web,Premium,6,16.28,0.232,0,0.0,1,0,0,97.68,0.0,1,0,0,0
C103544,13,70,43,West,app,Basic,3,13.44,0.222,0,0.022,0,0,0,40.32,0.0,0,0,0,1
C103548,11,24,31,South,app,Plus,5,12.59,0.15,2,0.153,0,0,0,62.95,0.06451612903225806,0,0,0,0
C103549,1,38,12,South,store,Plus,6,9.23,0.121,1,0.133,0,1,1,55.38,0.08333333333333333,0,0,0,0
C103551,7,69,71,South,store,Premium,4,21.18,0.351,0,0.164,0,1,0,84.72,0.0,0,0,0,0
C103552,12,59,59,South,web,Basic,4,15.07,0.384,0,0.042,0,1,0,60.28,0.0,0,0,0,0
C103555,6,37,20,North,store,Premium,4,16.9,0.111,0,0.059,0,0,1,67.6,0.0,0,0,0,0
C103556,8,67,8,Center,app,Basic,9,7.8,0.239,0,0.108,0,0,0,70.2,0.0,0,0,0,0
C103558,11,29,56,North,app,Plus,5,10.29,0.175,0,0.034,0,0,0,51.449999999999996,0.0,0,0,0,1
C103559,12,67,28,North,web,Plus,6,12.32,0.176,0,0.223,0,1,0,73.92,0.0,0,1,0,0
C103560,11,21,66,West,web,Premium,7,12.89,0.439,0,0.235,1,1,0,90.23,0.0,1,1,0,0
C103562,13,68,5,South,app,Premium,5,7.18,0.174,0,0.122,0,0,0,35.9,0.0,0,0,1,1
C103566,13,57,69,Center,web,Basic,9,14.25,0.215,0,0.189,0,0,0,128.25,0.0,0,0,0,0
C103567,12,35,18,Center,app,Basic,0,7.61,0.177,0,0.039,1,1,0,0.0,0.0,1,0,0,1
C103568,1,24,18,North,app,Premium,6,10.23,0.0,0,0.077,0,0,0,61.38,0.0,0,0,0,0
C103570,13,23,27,Center,web,Basic,5,15.03,0.104,0,0.0,0,1,0,75.14999999999999,0.0,0,0,0,0
C103571,7,37,22,North,web,Plus,2,12.81,0.171,1,0.151,0,0,0,25.62,0.045454545454545456,0,0,0,1
C103574,2,55,24,Center,web,Premium,8,9.59,0.153,0,0.027,0,1,0,76.72,0.0,0,0,0,0
C103579,12,74,27,Center,app,Basic,4,14.07,0.186,0,0.0,0,0,1,56.28,0.0,0,0,0,0
C103580,12,28,28,North,app,Basic,7,12.81,0.201,1,0.0,0,1,0,89.67,0.03571428571428571,0,0,0,0
C103581,1,30,50,South,web,Basic,3,9.22,0.0,0,0.027,0,0,1,27.660000000000004,0.0,0,0,0,1
C103587,4,18,17,Center,store,Basic,1,9.4,0.243,1,0.179,0,1,1,9.4,0.058823529411764705,0,0,0,1
C103588,6,68,68,Center,app,Basic,2,17.11,0.236,1,0.189,0,1,0,34.22,0.014705882352941176,0,0,0,1
C103590,10,36,47,Center,web,Plus,3,16.95,0.154,0,0.0,1,0,0,50.849999999999994,0.0,1,0,0,1
C103592,1,53,13,North,app,Plus,0,13.02,0.054,0,0.152,1,1,1,0.0,0.0,1,0,0,1
C103593,10,23,13,West,app,Basic,2,8.05,0.198,0,0.111,0,0,1,16.1,0.0,0,0,0,1
C103594,7,68,7,Center,app,Basic,4,7.7,0.112,0,0.186,0,1,0,30.8,0.0,0,0,0,1
C103595,13,70,38,Center,app,Basic,5,13.62,0.501,0,0.109,0,1,0,68.1,0.0,0,0,0,0
C103597,8,65,60,East,app,Basic,6,5.09,0.21,0,0.036,0,0,0,30.54,0.0,0,0,0,1
C103603,6,49,14,North,app,Basic,8,16.71,0.096,1,0.128,0,0,0,133.68,0.07142857142857142,0,0,0,0
C103607,6,35,35,East,app,Basic,8,12.36,0.245,0,0.031,0,0,0,98.88,0.0,0,0,0,0
C103608,4,49,57,North,app,Premium,4,12.31,0.34,0,0.204,0,1,0,49.24,0.0,0,1,0,1
C103611,3,31,46,North,store,Plus,4,2.59,0.123,1,0.017,0,1,1,10.36,0.021739130434782608,0,0,0,1
C103612,5,73,26,Center,app,Basic,3,13.82,0.162,0,0.144,0,0,0,41.46,0.0,0,0,0,1
C103616,1,20,67,West,app,Basic,5,11.88,0.374,0,0.174,0,0,0,59.400000000000006,0.0,0,0,0,0
C103619,2,68,35,West,app,Basic,6,9.8,0.295,1,0.043,0,0,1,58.800000000000004,0.02857142857142857,0,0,0,0
C103620,9,65,27,Center,app,Plus,5,16.99,0.153,0,0.182,0,0,0,84.94999999999999,0.0,0,0,0,0
C103622,2,45,11,Center,web,Basic,3,11.09,0.099,1,0.055,0,0,1,33.269999999999996,0.09090909090909091,0,0,0,1
C103623,11,57,60,Center,app,Basic,3,7.21,0.132,1,0.18,0,0,0,21.63,0.016666666666666666,0,0,0,1
C103624,2,62,66,Center,app,Premium,5,16.57,0.206,0,0.171,1,0,0,82.85,0.0,1,0,0,0
C103626,1,20,28,North,app,Basic,4,17.08,0.118,0,0.017,0,1,1,68.32,0.0,0,0,0,0
C103627,7,34,36,North,web,Plus,4,4.9,0.202,0,0.0,0,1,1,19.6,0.0,0,0,0,1
C103628,4,35,21,West,web,Plus,8,14.86,0.149,1,0.0,0,0,0,118.88,0.047619047619047616,0,0,0,0
C103629,13,37,10,North,web,Premium,4,11.03,0.236,0,0.0,0,0,0,44.12,0.0,0,0,0,1
C103630,3,51,62,South,web,Plus,5,9.9,0.235,1,0.343,0,0,0,49.5,0.016129032258064516,0,1,0,1
C103631,10,73,62,East,app,Premium,4,13.94,0.0,0,0.337,0,0,0,55.76,0.0,0,1,0,0
C103632,7,26,44,Center,web,Basic,3,18.89,0.103,0,0.113,0,0,1,56.67,0.0,0,0,0,0
C103633,3,37,20,West,app,Plus,4,10.43,0.373,0,0.0,0,0,0,41.72,0.0,0,0,0,1
C103635,5,50,29,North,web,Basic,8,6.72,0.087,0,0.142,0,0,0,53.76,0.0,0,0,0,1
C103639,3,34,15,West,app,Plus,4,15.94,0.153,0,0.174,0,0,1,63.76,0.0,0,0,0,0
C103642,13,20,62,North,app,Basic,5,22.16,0.192,0,0.102,1,0,0,110.8,0.0,1,0,0,0
C103645,12,59,7,East,app,Plus,5,15.63,0.147,0,0.107,0,0,0,78.15,0.0,0,0,0,0
C103649,2,65,57,North,app,Basic,7,19.59,0.199,0,0.185,0,0,0,137.13,0.0,0,0,0,0
C103651,13,73,29,North,web,Basic,3,12.78,0.092,0,0.047,0,0,1,38.339999999999996,0.0,0,0,0,1
C103652,9,52,6,North,app,Premium,2,7.98,0.0,0,0.067,0,0,0,15.96,0.0,0,0,0,1
C103654,2,23,2,South,app,Basic,6,15.49,0.296,1,0.05,0,0,1,92.94,0.5,0,0,1,0
C103655,7,73,29,Center,app,Premium,3,13.19,0.029,0,0.021,0,0,0,39.57,0.0,0,0,0,1
C103656,6,40,48,North,app,Basic,6,15.9,0.273,0,0.063,0,0,0,95.4,0.0,0,0,0,0
C103662,7,38,20,South,store,Plus,7,9.59,0.334,1,0.0,0,0,0,67.13,0.05,0,0,0,0
C103663,9,22,9,Center,app,Plus,8,9.63,0.075,0,0.28,0,1,0,77.04,0.0,0,1,0,0
C103665,4,43,53,North,web,Basic,4,14.83,0.141,1,0.13,0,0,0,59.32,0.018867924528301886,0,0,0,0
C103666,9,54,33,South,app,Plus,4,10.17,0.367,1,0.134,0,0,1,40.68,0.030303030303030304,0,0,0,1
C103668,10,25,56,East,store,Premium,6,11.17,0.343,0,0.1,0,0,0,67.02,0.0,0,0,0,0
C103670,11,64,12,West,web,Premium,4,6.38,0.0,0,0.112,0,0,0,25.52,0.0,0,0,0,1
C103671,5,18,17,North,web,Plus,5,6.92,0.186,0,0.0,0,0,0,34.6,0.0,0,0,0,1
C103673,13,71,53,South,web,Plus,9,9.21,0.259,0,0.056,0,0,0,82.89000000000001,0.0,0,0,0,0
C103675,1,32,71,Center,app,Plus,9,14.94,0.261,0,0.004,0,1,0,134.46,0.0,0,0,0,0
C103676,9,49,37,South,web,Premium,9,15.6,0.01,0,0.0,1,1,0,140.4,0.0,1,0,0,0
C103678,3,29,42,West,store,Premium,4,5.58,0.151,0,0.089,0,1,1,22.32,0.0,0,0,0,1
C103679,12,65,23,Center,store,Basic,6,12.66,0.089,0,0.112,0,0,0,75.96000000000001,0.0,0,0,0,0
C103680,1,52,15,South,web,Basic,8,10.54,0.338,0,0.036,0,1,1,84.32,0.0,0,0,0,0
C103681,10,68,62,North,web,Premium,3,14.15,0.107,0,0.244,0,1,0,42.45,0.0,0,1,0,1
C103684,4,62,3,West,app,Premium,6,8.35,0.3,0,0.127,0,0,0,50.099999999999994,0.0,0,0,1,1
C103686,5,25,63,Center,app,Premium,5,7.63,0.246,1,0.066,0,0,0,38.15,0.015873015873015872,0,0,0,1
C103687,2,44,17,East,web,Plus,5,19.37,0.0,1,0.034,0,1,0,96.85000000000001,0.058823529411764705,0,0,0,0
C103688,11,73,40,North,app,Premium,3,10.95,0.197,2,0.0,0,0,0,32.849999999999994,0.05,0,0,0,1
C103689,8,65,40,East,store,Basic,7,10.92,0.364,1,0.214,0,0,0,76.44,0.025,0,1,0,0
C103692,8,29,9,North,app,Basic,6,13.04,0.0,1,0.042,0,1,1,78.24,0.1111111111111111,0,0,0,0
C103693,1,63,31,East,app,Plus,3,17.74,0.162,0,0.0,0,0,0,53.22,0.0,0,0,0,1
C103694,8,43,20,South,web,Premium,6,12.51,0.024,0,0.12,0,0,1,75.06,0.0,0,0,0,0
C103696,6,30,43,North,app,Basic,2,8.84,0.2,0,0.179,1,0,0,17.68,0.0,1,0,0,1
C103697,5,44,19,West,app,Plus,4,10.86,0.293,0,0.112,0,0,1,43.44,0.0,0,0,0,1
C103698,2,63,30,Center,app,Plus,5,19.24,0.055,0,0.0,0,0,0,96.19999999999999,0.0,0,0,0,0
C103699,7,69,30,Center,app,Basic,4,8.7,0.044,2,0.0,0,0,1,34.8,0.06666666666666667,0,0,0,1
C103702,11,33,38,North,web,Premium,3,13.95,0.32,0,0.0,1,1,0,41.849999999999994,0.0,1,0,0,1
C103707,1,36,56,West,app,Plus,3,9.94,0.254,0,0.094,0,1,1,29.82,0.0,0,0,0,1
C103708,3,21,2,Center,web,Plus,2,4.89,0.047,1,0.137,0,0,1,9.78,0.5,0,0,1,1
C103710,9,19,63,Center,app,Basic,2,5.67,0.216,0,0.151,1,0,0,11.34,0.0,1,0,0,1
C103714,12,66,59,Center,app,Basic,3,13.46,0.283,0,0.086,0,1,0,40.38,0.0,0,0,0,1
C103717,12,74,56,West,app,Premium,3,12.97,0.299,0,0.142,0,1,0,38.910000000000004,0.0,0,0,0,1
C103720,5,18,3,Center,app,Plus,4,8.73,0.197,0,0.0,0,1,1,34.92,0.0,0,0,1,1
C103721,7,20,9,East,store,Basic,6,11.9,0.359,0,0.121,1,1,0,71.4,0.0,1,0,0,0
C103722,1,30,64,Center,app,Plus,8,5.27,0.097,1,0.114,0,1,0,42.16,0.015625,0,0,0,1
C103731,1,42,65,South,web,Plus,7,15.47,0.391,0,0.223,0,1,0,108.29,0.0,0,1,0,0
C103733,4,58,55,Center,web,Basic,3,16.2,0.0,0,0.0,0,1,1,48.599999999999994,0.0,0,0,0,1
C103734,3,18,7,Center,web,Basic,5,11.42,0.293,0,0.047,0,1,1,57.1,0.0,0,0,0,0
C103735,6,65,18,Center,app,Basic,9,14.62,0.243,0,0.167,0,0,0,131.57999999999998,0.0,0,0,0,0
C103736,13,47,21,West,app,Premium,5,15.97,0.12,1,0.052,0,1,0,79.85000000000001,0.047619047619047616,0,0,0,0
C103737,7,48,61,Center,app,Premium,9,8.13,0.172,1,0.176,0,0,0,73.17,0.01639344262295082,0,0,0,0
C103739,9,20,59,North,app,Basic,2,17.03,0.011,1,0.156,1,0,0,34.06,0.01694915254237288,1,0,0,1
C103740,3,71,26,Center,app,Premium,8,12.4,0.236,1,0.234,0,0,0,99.2,0.038461538461538464,0,1,0,0
C103741,3,64,23,South,app,Basic,6,9.02,0.126,0,0.126,0,1,0,54.12,0.0,0,0,0,1
C103743,6,57,10,East,web,Plus,10,9.85,0.0,0,0.196,0,1,0,98.5,0.0,0,0,0,0
C103744,2,45,34,South,app,Basic,3,17.23,0.107,0,0.095,1,0,0,51.69,0.0,1,0,0,1
C103745,3,69,10,North,app,Basic,4,17.74,0.212,0,0.0,0,0,0,70.96,0.0,0,0,0,0
C103747,6,33,30,Center,web,Premium,4,18.1,0.068,0,0.017,1,0,0,72.4,0.0,1,0,0,0
C103749,1,62,60,South,web,Premium,2,10.18,0.258,0,0.043,0,0,0,20.36,0.0,0,0,0,1
C103750,7,37,16,East,web,Premium,10,10.54,0.0,1,0.223,0,1,0,105.39999999999999,0.0625,0,1,0,0
C103751,7,67,6,North,app,Basic,7,11.87,0.201,0,0.0,0,0,0,83.08999999999999,0.0,0,0,0,0
C103755,3,41,26,South,app,Basic,4,9.85,0.021,1,0.119,0,1,0,39.4,0.038461538461538464,0,0,0,1
C103757,12,37,64,South,app,Plus,4,15.42,0.123,0,0.339,0,0,0,61.68,0.0,0,1,0,0
C103758,11,45,69,Center,store,Plus,11,10.09,0.217,1,0.0,0,0,0,110.99,0.014492753623188406,0,0,0,0
C103759,4,18,11,North,store,Plus,3,15.83,0.092,0,0.118,0,0,1,47.49,0.0,0,0,0,1
C103760,10,49,44,South,store,Plus,7,16.59,0.075,0,0.064,0,0,0,116.13,0.0,0,0,0,0
C103762,13,46,39,West,web,Basic,3,8.9,0.204,1,0.064,0,0,0,26.700000000000003,0.02564102564102564,0,0,0,1
C103764,8,39,29,West,app,Basic,9,13.11,0.0,0,0.0,0,0,0,117.99,0.0,0,0,0,0
C103766,7,44,35,West,web,Plus,7,8.59,0.127,0,0.177,0,0,0,60.129999999999995,0.0,0,0,0,0
C103767,8,61,59,North,app,Basic,2,4.94,0.228,1,0.0,1,1,0,9.88,0.01694915254237288,1,0,0,1
C103768,11,52,14,East,app,Premium,3,10.99,0.154,0,0.097,0,0,0,32.97,0.0,0,0,0,1
C103769,9,42,59,Center,web,Basic,5,14.96,0.023,0,0.066,1,1,0,74.80000000000001,0.0,1,0,0,0
C103770,2,66,44,West,store,Premium,5,13.52,0.091,0,0.27,0,0,0,67.6,0.0,0,1,0,0
C103774,12,57,67,Center,web,Plus,2,14.73,0.059,0,0.236,0,0,1,29.46,0.0,0,1,0,1
C103775,12,38,20,South,app,Basic,3,13.55,0.267,1,0.173,1,1,0,40.650000000000006,0.05,1,0,0,1
C103776,9,29,32,North,store,Premium,7,10.93,0.034,1,0.005,0,0,0,76.50999999999999,0.03125,0,0,0,0
C103777,13,60,9,East,app,Basic,4,17.67,0.195,2,0.075,0,0,0,70.68,0.2222222222222222,0,0,0,0
C103778,7,50,64,South,app,Premium,12,13.46,0.224,0,0.138,0,0,0,161.52,0.0,0,0,0,0
C103779,5,44,19,Center,app,Plus,6,12.75,0.292,1,0.058,0,0,1,76.5,0.05263157894736842,0,0,0,0
C103780,3,58,67,South,web,Premium,4,12.23,0.18,0,0.062,0,1,0,48.92,0.0,0,0,0,1
C103783,12,42,56,East,web,Basic,7,14.9,0.246,0,0.069,1,0,0,104.3,0.0,1,0,0,0
C103786,3,44,44,West,store,Basic,10,14.95,0.149,0,0.114,0,0,0,149.5,0.0,0,0,0,0
C103787,6,69,14,Center,app,Basic,3,9.16,0.254,0,0.164,0,1,0,27.48,0.0,0,0,0,1
C103788,6,74,69,South,app,Premium,5,10.49,0.389,0,0.137,0,0,0,52.45,0.0,0,0,0,1
C103789,2,33,57,South,app,Basic,3,15.92,0.081,0,0.025,1,0,0,47.76,0.0,1,0,0,1
C103790,4,31,43,North,app,Basic,4,11.5,0.324,0,0.03,0,1,0,46.0,0.0,0,0,0,1
C103791,4,47,55,East,web,Basic,6,15.25,0.21,1,0.149,0,1,0,91.5,0.01818181818181818,0,0,0,0
C103798,9,28,22,North,web,Basic,6,11.47,0.087,0,0.013,1,0,1,68.82000000000001,0.0,1,0,0,0
C103800,11,56,10,North,app,Basic,5,7.55,0.05,2,0.0,0,0,1,37.75,0.2,0,0,0,1
C103802,10,37,47,West,app,Plus,6,10.08,0.091,0,0.0,0,1,0,60.480000000000004,0.0,0,0,0,0
C103807,10,53,3,East,store,Basic,5,10.14,0.104,0,0.092,0,1,0,50.7,0.0,0,0,1,1
C103810,8,43,19,East,app,Plus,0,9.07,0.03,0,0.209,0,1,0,0.0,0.0,0,1,0,1
C103812,8,65,20,Center,web,Basic,2,13.11,0.166,1,0.0,0,0,1,26.22,0.05,0,0,0,1
C103814,13,21,44,South,web,Plus,5,7.19,0.098,0,0.071,0,0,1,35.95,0.0,0,0,0,1
C103816,11,51,2,West,app,Plus,4,12.51,0.236,0,0.176,0,1,0,50.04,0.0,0,0,1,1
C103817,7,70,43,East,app,Plus,4,12.59,0.063,0,0.032,0,0,0,50.36,0.0,0,0,0,1
C103818,4,58,25,North,store,Plus,4,15.31,0.199,1,0.145,0,1,0,61.24,0.04,0,0,0,0
C103819,8,54,10,North,store,Basic,4,11.95,0.259,1,0.0,0,1,1,47.8,0.1,0,0,0,1
C103820,9,30,47,North,app,Basic,3,12.84,0.0,1,0.0,1,0,1,38.519999999999996,0.02127659574468085,1,0,0,1
C103821,13,52,5,East,app,Plus,5,10.39,0.093,0,0.0,1,0,1,51.95,0.0,1,0,1,1
C103822,1,27,14,Center,web,Premium,3,11.44,0.373,0,0.057,0,1,0,34.32,0.0,0,0,0,1
C103823,5,40,25,West,web,Plus,5,17.61,0.193,0,0.216,0,0,0,88.05,0.0,0,1,0,0
C103824,9,42,12,North,store,Premium,3,13.97,0.328,1,0.116,1,1,0,41.910000000000004,0.08333333333333333,1,0,0,1
C103825,7,50,39,West,app,Basic,10,14.82,0.214,1,0.196,0,1,0,148.2,0.02564102564102564,0,0,0,0
C103826,13,29,53,East,app,Basic,8,9.92,0.37,1,0.053,0,0,0,79.36,0.018867924528301886,0,0,0,0
C103827,4,49,18,East,web,Premium,2,5.21,0.057,2,0.046,0,1,0,10.42,0.1111111111111111,0,0,0,1
C103828,12,36,69,South,store,Basic,2,8.68,0.123,0,0.109,1,0,0,17.36,0.0,1,0,0,1
C103829,8,69,13,West,app,Basic,7,11.04,0.29,0,0.14,0,0,0,77.28,0.0,0,0,0,0
C103830,10,74,63,Center,app,Plus,4,16.36,0.124,1,0.0,0,0,0,65.44,0.015873015873015872,0,0,0,0
C103831,3,65,32,West,app,Plus,7,13.0,0.091,0,0.0,2,1,0,91.0,0.0,1,0,0,0
C103832,5,31,55,West,web,Premium,4,10.73,0.19,0,0.155,0,1,0,42.92,0.0,0,0,0,1
C103833,4,60,30,South,app,Basic,4,12.63,0.284,0,0.118,1,0,1,50.52,0.0,1,0,0,1
C103834,7,73,63,South,web,Basic,4,13.75,0.152,1,0.273,0,0,0,55.0,0.015873015873015872,0,1,0,0
C103835,9,70,20,Center,web,Basic,4,13.61,0.336,0,0.036,0,0,0,54.44,0.0,0,0,0,1
C103836,11,67,3,Center,web,Plus,6,16.02,0.033,0,0.079,2,0,0,96.12,0.0,1,0,1,0
C103837,4,21,66,South,web,Plus,8,13.41,0.0,0,0.063,0,1,0,107.28,0.0,0,0,0,0
C103839,4,61,67,North,web,Basic,2,6.69,0.0,0,0.097,0,1,0,13.38,0.0,0,0,0,1
C103841,1,44,4,East,web,Plus,2,15.73,0.378,0,0.119,2,0,1,31.46,0.0,1,0,1,1
C103846,8,63,62,South,store,Premium,3,12.21,0.352,0,0.066,0,0,0,36.63,0.0,0,0,0,1
C103851,7,20,6,West,app,Basic,2,11.72,0.276,0,0.08,1,0,1,23.44,0.0,1,0,0,1
C103857,8,66,47,West,app,Basic,3,12.7,0.082,0,0.0,0,1,0,38.099999999999994,0.0,0,0,0,1
C103858,9,59,71,East,app,Basic,3,14.59,0.21,1,0.025,0,0,0,43.769999999999996,0.014084507042253521,0,0,0,1
C103859,11,33,6,Center,store,Plus,3,10.36,0.375,0,0.0,0,1,0,31.08,0.0,0,0,0,1
C103864,13,24,1,North,app,Basic,7,4.39,0.293,1,0.077,0,0,1,30.729999999999997,1.0,0,0,1,1
C103866,2,56,2,North,web,Basic,6,7.13,0.369,0,0.045,0,1,1,42.78,0.0,0,0,1,1
C103867,2,49,50,North,app,Plus,6,16.3,0.022,0,0.047,1,0,0,97.80000000000001,0.0,1,0,0,0
C103870,1,51,17,North,store,Plus,6,15.02,0.335,1,0.036,1,0,0,90.12,0.058823529411764705,1,0,0,0
C103874,6,55,31,Center,web,Basic,5,15.88,0.372,0,0.147,1,0,0,79.4,0.0,1,0,0,0
C103875,3,32,34,North,web,Plus,5,10.6,0.159,0,0.099,0,0,0,53.0,0.0,0,0,0,1
C103877,3,60,23,Center,web,Basic,4,12.89,0.43,0,0.162,0,0,0,51.56,0.0,0,0,0,1
C103878,3,57,6,East,app,Premium,3,10.88,0.232,0,0.0,0,1,0,32.64,0.0,0,0,0,1
C103879,3,54,21,West,app,Basic,5,11.34,0.34,0,0.178,0,1,0,56.7,0.0,0,0,0,0
C103881,13,40,7,North,web,Basic,4,10.78,0.206,1,0.209,1,1,0,43.12,0.14285714285714285,1,1,0,1
C103883,3,62,46,East,web,Basic,2,9.57,0.346,0,0.131,0,0,1,19.14,0.0,0,0,0,1
C103884,2,32,7,East,store,Plus,6,13.19,0.335,0,0.0,0,1,0,79.14,0.0,0,0,0,0
C103885,3,69,15,East,store,Plus,4,8.97,0.289,0,0.0,0,0,0,35.88,0.0,0,0,0,1
C103886,1,29,68,Center,web,Premium,8,10.34,0.278,0,0.146,0,0,0,82.72,0.0,0,0,0,0
C103888,3,35,16,Center,web,Basic,3,8.83,0.299,0,0.0,0,1,1,26.490000000000002,0.0,0,0,0,1
C103890,9,28,13,South,app,Basic,5,15.34,0.167,0,0.0,0,0,0,76.7,0.0,0,0,0,0
C103892,5,56,63,West,app,Premium,9,14.55,0.12,1,0.107,0,1,0,130.95000000000002,0.015873015873015872,0,0,0,0
C103893,3,27,23,South,web,Basic,6,8.46,0.278,0,0.0,0,1,0,50.760000000000005,0.0,0,0,0,1
C103895,9,61,67,North,store,Premium,7,15.77,0.159,0,0.219,0,0,0,110.39,0.0,0,1,0,0
C103897,7,35,42,East,app,Premium,7,20.3,0.256,0,0.0,0,0,0,142.1,0.0,0,0,0,0
C103900,12,42,17,Center,web,Basic,3,12.92,0.271,0,0.151,0,0,1,38.76,0.0,0,0,0,1
C103901,3,46,16,South,store,Plus,6,11.71,0.241,0,0.077,0,0,1,70.26,0.0,0,0,0,0
C103902,3,18,54,Center,app,Plus,3,12.74,0.135,0,0.154,1,1,0,38.22,0.0,1,0,0,1
C103903,10,26,46,Center,app,Basic,5,11.03,0.173,0,0.096,0,1,0,55.15,0.0,0,0,0,0
C103906,6,33,39,Center,app,Premium,6,13.72,0.025,1,0.177,1,1,0,82.32000000000001,0.02564102564102564,1,0,0,0
C103907,6,60,39,West,app,Basic,5,13.2,0.275,0,0.177,1,0,1,66.0,0.0,1,0,0,0
C103909,13,26,29,East,web,Plus,5,6.61,0.174,1,0.111,0,0,0,33.050000000000004,0.034482758620689655,0,0,0,1
C103910,1,36,39,Center,app,Plus,7,8.58,0.091,1,0.082,1,1,1,60.06,0.02564102564102564,1,0,0,0
C103913,10,63,63,North,web,Basic,5,9.33,0.023,0,0.177,1,1,0,46.65,0.0,1,0,0,1
C103915,4,69,50,West,web,Basic,8,9.81,0.099,0,0.101,0,1,0,78.48,0.0,0,0,0,0
C103917,12,67,69,West,web,Basic,8,5.81,0.329,0,0.113,0,0,0,46.48,0.0,0,0,0,1
C103918,12,60,17,South,store,Premium,5,11.6,0.176,0,0.337,0,1,0,58.0,0.0,0,1,0,0
C103919,3,46,22,West,web,Plus,4,7.13,0.095,1,0.184,0,0,1,28.52,0.045454545454545456,0,0,0,1
C103920,8,42,28,Center,app,Plus,4,12.21,0.094,0,0.091,0,1,0,48.84,0.0,0,0,0,1
C103922,3,53,57,Center,app,Premium,8,9.56,0.205,0,0.173,0,0,0,76.48,0.0,0,0,0,0
C103923,9,43,10,Center,web,Plus,4,14.55,0.133,0,0.097,0,1,0,58.2,0.0,0,0,0,0
C103926,13,38,56,North,app,Basic,8,18.59,0.268,0,0.126,0,1,0,148.72,0.0,0,0,0,0
C103929,1,31,14,West,store,Plus,7,16.76,0.171,0,0.076,0,0,0,117.32000000000001,0.0,0,0,0,0
C103930,12,50,30,North,web,Premium,5,18.54,0.337,1,0.113,0,0,1,92.69999999999999,0.03333333333333333,0,0,0,0
C103931,6,27,19,West,app,Basic,4,13.36,0.145,0,0.152,0,1,0,53.44,0.0,0,0,0,1
C103932,10,62,24,North,app,Basic,6,18.59,0.249,0,0.0,0,1,0,111.53999999999999,0.0,0,0,0,0
C103935,9,21,61,Center,store,Basic,6,14.36,0.367,0,0.113,0,0,0,86.16,0.0,0,0,0,0
C103936,5,62,43,Center,app,Basic,4,14.0,0.158,1,0.143,0,0,0,56.0,0.023255813953488372,0,0,0,0
C103937,11,44,32,East,app,Basic,5,11.09,0.114,0,0.202,0,0,0,55.45,0.0,0,1,0,0
C103938,2,66,51,North,store,Premium,6,10.96,0.216,0,0.013,0,1,0,65.76,0.0,0,0,0,0
C103940,3,63,11,North,web,Basic,6,22.36,0.139,0,0.014,2,0,0,134.16,0.0,1,0,0,0
C103943,7,73,14,South,app,Basic,5,9.16,0.363,0,0.022,0,0,0,45.8,0.0,0,0,0,1
C103944,3,40,24,West,app,Plus,5,14.72,0.098,0,0.013,0,1,1,73.60000000000001,0.0,0,0,0,0
C103946,9,47,4,North,app,Basic,4,7.32,0.38,0,0.142,0,1,0,29.28,0.0,0,0,1,1
C103948,6,28,21,West,app,Basic,3,16.24,0.215,1,0.0,0,1,0,48.72,0.047619047619047616,0,0,0,1
C103951,6,43,37,North,web,Basic,5,18.98,0.286,0,0.054,0,1,1,94.9,0.0,0,0,0,0
C103952,2,41,47,North,web,Plus,4,11.84,0.193,1,0.052,0,1,0,47.36,0.02127659574468085,0,0,0,1
C103956,2,26,58,East,web,Basic,4,11.12,0.193,0,0.269,0,1,0,44.48,0.0,0,1,0,1
C103957,9,48,44,North,app,Basic,6,15.01,0.411,1,0.061,1,0,0,90.06,0.022727272727272728,1,0,0,0
C103960,3,68,42,West,web,Premium,1,19.28,0.294,1,0.12,0,0,0,19.28,0.023809523809523808,0,0,0,1
C103961,13,52,14,South,web,Plus,3,11.33,0.296,1,0.101,1,0,0,33.99,0.07142857142857142,1,0,0,1
C103964,7,42,23,South,store,Plus,4,11.67,0.122,0,0.0,0,1,0,46.68,0.0,0,0,0,1
C103967,6,35,61,Center,app,Plus,6,8.17,0.173,0,0.07,0,1,0,49.019999999999996,0.0,0,0,0,1
C103968,1,26,69,South,app,Basic,4,15.38,0.024,0,0.185,0,1,0,61.52,0.0,0,0,0,0
C103969,2,65,5,West,web,Plus,5,16.32,0.0,1,0.139,0,0,0,81.6,0.2,0,0,1,0
C103970,10,63,50,South,store,Basic,2,10.31,0.28,0,0.083,0,1,0,20.62,0.0,0,0,0,1
C103971,13,19,17,East,app,Premium,8,17.94,0.18,0,0.07,0,1,0,143.52,0.0,0,0,0,0
C103973,9,31,41,North,app,Basic,5,7.04,0.188,1,0.0,0,0,0,35.2,0.024390243902439025,0,0,0,1
C103975,9,28,3,North,app,Plus,7,15.1,0.31,0,0.096,0,0,1,105.7,0.0,0,0,1,0
C103978,13,71,56,Center,app,Plus,2,14.42,0.252,0,0.127,0,1,0,28.84,0.0,0,0,0,1
C103979,9,71,69,South,web,Premium,6,17.06,0.107,0,0.0,0,0,0,102.35999999999999,0.0,0,0,0,0
C103980,4,55,46,East,app,Basic,6,6.6,0.128,0,0.0,1,1,0,39.599999999999994,0.0,1,0,0,1
C103983,12,35,56,West,store,Basic,4,8.75,0.0,0,0.304,0,1,0,35.0,0.0,0,1,0,1
C103987,7,58,68,North,app,Basic,6,14.27,0.135,0,0.033,0,0,0,85.62,0.0,0,0,0,0
C103989,2,62,16,West,app,Plus,4,6.65,0.228,0,0.0,0,0,0,26.6,0.0,0,0,0,1
C103990,11,31,19,North,app,Premium,4,13.6,0.155,0,0.122,0,0,0,54.4,0.0,0,0,0,1
C103991,1,39,1,West,web,Basic,6,11.88,0.066,0,0.153,1,0,1,71.28,0.0,1,0,1,0
C103992,2,31,54,Center,app,Basic,6,14.64,0.32,1,0.09,1,0,0,87.84,0.018518518518518517,1,0,0,0
C103993,1,30,5,North,app,Basic,2,13.89,0.224,1,0.03,0,0,1,27.78,0.2,0,0,1,1
C103994,3,40,9,East,web,Basic,7,10.36,0.189,0,0.198,0,0,0,72.52,0.0,0,0,0,0
C103996,10,43,17,West,web,Plus,3,16.71,0.249,0,0.094,0,0,1,50.13,0.0,0,0,0,1
C103997,1,24,3,South,web,Premium,5,17.4,0.0,0,0.115,0,0,0,87.0,0.0,0,0,1,0
C103998,5,60,4,West,web,Plus,6,9.02,0.231,0,0.048,2,0,1,54.12,0.0,1,0,1,1
C104000,3,50,2,Center,web,Basic,2,13.48,0.048,1,0.0,0,1,1,26.96,0.5,0,0,1,1
C104004,5,41,71,East,app,Plus,4,22.24,0.226,0,0.0,0,0,0,88.96,0.0,0,0,0,0
C104006,11,44,32,South,web,Plus,5,13.51,0.225,0,0.127,0,1,0,67.55,0.0,0,0,0,0
C104008,3,42,1,South,web,Plus,7,13.65,0.07,0,0.095,0,0,1,95.55,0.0,0,0,1,0
C104009,4,50,63,West,app,Basic,5,8.85,0.116,1,0.0,1,1,0,44.25,0.015873015873015872,1,0,0,1
C104012,10,42,25,Center,app,Plus,6,14.33,0.051,0,0.08,0,0,0,85.98,0.0,0,0,0,0
C104015,6,53,21,West,app,Basic,5,10.56,0.085,1,0.141,0,0,0,52.800000000000004,0.047619047619047616,0,0,0,1
C104018,9,27,17,East,web,Plus,3,13.77,0.118,0,0.058,0,0,0,41.31,0.0,0,0,0,1
C104019,6,23,23,East,app,Premium,5,7.57,0.193,1,0.104,0,0,1,37.85,0.043478260869565216,0,0,0,1
C104020,1,52,38,South,web,Basic,1,11.99,0.038,0,0.0,1,1,0,11.99,0.0,1,0,0,1
C104021,5,29,26,West,web,Premium,7,11.87,0.089,0,0.084,0,0,0,83.08999999999999,0.0,0,0,0,0
C104022,5,38,30,West,web,Basic,10,11.05,0.303,0,0.0,0,0,0,110.5,0.0,0,0,0,0
C104024,5,44,4,North,store,Premium,2,8.3,0.255,0,0.083,1,1,0,16.6,0.0,1,0,1,1
C104025,5,54,66,West,app,Plus,4,10.42,0.22,0,0.094,1,0,0,41.68,0.0,1,0,0,1
C104026,5,26,35,South,store,Basic,2,21.04,0.413,0,0.064,1,0,0,42.08,0.0,1,0,0,1
C104027,4,63,19,North,store,Premium,5,17.57,0.036,1,0.12,0,0,0,87.85,0.05263157894736842,0,0,0,0
C104028,8,51,13,West,store,Basic,12,14.36,0.171,0,0.118,1,1,1,172.32,0.0,1,0,0,0
C104030,11,44,37,South,store,Plus,6,16.32,0.0,0,0.125,0,1,0,97.92,0.0,0,0,0,0
C104032,4,44,36,Center,app,Plus,6,7.48,0.214,0,0.134,0,0,1,44.88,0.0,0,0,0,1
C104033,6,39,40,Center,app,Premium,4,11.39,0.063,0,0.199,0,0,1,45.56,0.0,0,0,0,1
C104035,2,70,46,Center,store,Plus,5,13.83,0.005,0,0.083,1,0,0,69.15,0.0,1,0,0,0
C104039,3,49,70,East,web,Plus,6,16.35,0.362,0,0.218,0,0,0,98.10000000000001,0.0,0,1,0,0
C104042,2,27,3,East,web,Premium,2,8.88,0.078,0,0.231,0,0,0,17.76,0.0,0,1,1,1
C104045,1,56,53,West,app,Basic,8,13.45,0.251,0,0.0,0,0,0,107.6,0.0,0,0,0,0
C104046,7,23,42,South,app,Plus,5,12.07,0.337,0,0.126,0,1,0,60.35,0.0,0,0,0,0
C104047,9,26,24,South,app,Basic,4,12.81,0.021,0,0.013,1,0,1,51.24,0.0,1,0,0,1
C104048,4,69,45,South,web,Premium,6,10.11,0.361,0,0.249,0,1,0,60.66,0.0,0,1,0,0
C104049,1,52,63,North,app,Plus,7,17.23,0.095,0,0.196,0,0,1,120.61,0.0,0,0,0,0
C104050,9,64,4,Center,store,Premium,3,18.05,0.194,1,0.011,0,0,1,54.150000000000006,0.25,0,0,1,1
C104051,9,38,17,North,app,Basic,4,11.87,0.321,1,0.067,0,1,0,47.48,0.058823529411764705,0,0,0,1
C104052,9,61,31,West,store,Basic,4,16.43,0.161,0,0.208,0,0,0,65.72,0.0,0,1,0,0
C104054,13,58,56,North,store,Basic,8,9.31,0.2,0,0.0,1,1,0,74.48,0.0,1,0,0,0
C104059,7,32,63,East,web,Basic,2,16.64,0.473,0,0.04,0,1,0,33.28,0.0,0,0,0,1
C104060,3,23,55,Center,web,Plus,1,15.14,0.223,0,0.143,0,0,1,15.14,0.0,0,0,0,1
C104061,13,61,21,Center,app,Plus,3,13.43,0.329,1,0.187,0,0,0,40.29,0.047619047619047616,0,0,0,1
C104062,5,44,26,North,app,Basic,5,15.9,0.096,0,0.087,0,0,0,79.5,0.0,0,0,0,0
C104063,4,24,38,South,app,Basic,6,9.55,0.213,1,0.151,0,0,0,57.300000000000004,0.02631578947368421,0,0,0,0
C104065,5,18,30,Center,app,Basic,2,14.83,0.131,0,0.179,0,0,0,29.66,0.0,0,0,0,1
C104067,1,74,48,West,web,Premium,5,9.05,0.061,0,0.0,0,1,0,45.25,0.0,0,0,0,1
C104069,9,35,17,North,store,Premium,4,20.82,0.171,0,0.024,0,1,0,83.28,0.0,0,0,0,0
C104073,4,29,51,East,app,Premium,2,11.17,0.183,1,0.0,1,0,0,22.34,0.0196078431372549,1,0,0,1
C104080,11,53,44,Center,store,Plus,6,11.67,0.1,1,0.007,0,1,0,70.02,0.022727272727272728,0,0,0,0
C104082,7,74,69,North,app,Plus,2,10.6,0.241,0,0.338,1,0,0,21.2,0.0,1,1,0,1
C104085,4,74,44,Center,web,Plus,4,12.24,0.114,0,0.136,0,0,0,48.96,0.0,0,0,0,1
C104086,7,68,55,West,app,Basic,5,6.86,0.345,0,0.05,1,0,0,34.300000000000004,0.0,1,0,0,1
C104087,7,49,67,West,web,Premium,5,16.25,0.203,1,0.0,1,0,0,81.25,0.014925373134328358,1,0,0,0
C104088,5,42,62,West,store,Plus,5,11.29,0.097,0,0.047,0,0,0,56.449999999999996,0.0,0,0,0,0
C104089,13,38,29,East,app,Plus,4,10.47,0.216,0,0.015,0,1,0,41.88,0.0,0,0,0,1
C104093,13,28,21,North,store,Plus,6,8.56,0.169,1,0.195,0,0,0,51.36,0.047619047619047616,0,0,0,1
C104095,2,36,1,North,app,Premium,3,7.72,0.0,1,0.0,0,0,1,23.16,1.0,0,0,1,1
C104097,10,66,8,North,web,Plus,5,10.02,0.058,1,0.092,0,1,0,50.099999999999994,0.125,0,0,0,1
C104098,10,51,56,East,store,Plus,4,6.35,0.353,0,0.099,0,0,0,25.4,0.0,0,0,0,1
C104099,1,18,50,North,store,Premium,10,12.77,0.27,0,0.172,0,1,0,127.69999999999999,0.0,0,0,0,0
C104102,13,33,68,East,app,Basic,5,14.53,0.157,1,0.008,1,0,0,72.64999999999999,0.014705882352941176,1,0,0,0
C104106,8,25,56,South,web,Basic,4,13.17,0.361,0,0.142,0,0,0,52.68,0.0,0,0,0,1
C104107,11,21,49,Center,web,Plus,4,10.25,0.214,0,0.036,0,0,1,41.0,0.0,0,0,0,1
C104108,5,64,65,South,store,Basic,7,1.0,0.182,0,0.089,0,0,0,7.0,0.0,0,0,0,1
C104111,1,56,42,West,app,Basic,4,13.43,0.025,0,0.0,0,0,0,53.72,0.0,0,0,0,1
C104112,3,27,9,North,app,Plus,1,9.91,0.113,0,0.108,0,0,1,9.91,0.0,0,0,0,1
C104113,5,35,50,North,web,Plus,4,11.39,0.207,1,0.17,0,0,1,45.56,0.02,0,0,0,1
C104114,10,57,4,Center,app,Basic,6,11.93,0.102,0,0.094,0,1,1,71.58,0.0,0,0,1,0
C104116,10,34,34,Center,app,Premium,8,12.89,0.111,0,0.0,0,1,0,103.12,0.0,0,0,0,0
C104118,12,19,48,South,web,Basic,3,16.01,0.003,0,0.098,1,0,1,48.03,0.0,1,0,0,1
C104122,1,55,30,South,app,Basic,11,8.21,0.018,0,0.015,0,0,0,90.31,0.0,0,0,0,0
C104123,3,54,25,North,app,Basic,4,12.13,0.355,0,0.0,0,1,0,48.52,0.0,0,0,0,1
C104124,9,26,48,West,store,Basic,3,5.74,0.132,0,0.096,0,1,0,17.22,0.0,0,0,0,1
C104125,6,22,5,Center,app,Basic,5,13.36,0.064,1,0.037,0,1,1,66.8,0.2,0,0,1,0
C104126,2,29,65,Center,web,Plus,1,22.46,0.136,0,0.035,0,1,1,22.46,0.0,0,0,0,1
C104127,12,28,60,South,web,Basic,4,13.99,0.0,1,0.0,0,0,0,55.96,0.016666666666666666,0,0,0,0
C104128,8,28,9,West,web,Plus,3,10.99,0.126,0,0.106,0,1,1,32.97,0.0,0,0,0,1
C104129,10,61,32,North,app,Basic,1,7.73,0.222,1,0.036,0,0,1,7.73,0.03125,0,0,0,1
C104131,10,46,69,West,web,Basic,5,4.29,0.044,0,0.213,0,1,0,21.45,0.0,0,1,0,1
C104132,9,62,69,West,web,Basic,5,8.0,0.165,0,0.137,0,1,0,40.0,0.0,0,0,0,1
C104133,5,55,55,Center,app,Premium,7,8.42,0.23,0,0.0,0,0,0,58.94,0.0,0,0,0,0
C104134,1,41,39,Center,store,Basic,3,14.41,0.098,0,0.231,0,0,0,43.230000000000004,0.0,0,1,0,1
C104136,12,19,15,North,web,Premium,3,9.13,0.179,0,0.263,0,0,0,27.39,0.0,0,1,0,1
C104137,12,52,61,North,web,Basic,6,9.01,0.0,0,0.095,0,0,0,54.06,0.0,0,0,0,1
C104138,12,37,17,South,app,Plus,7,14.56,0.183,0,0.0,0,0,0,101.92,0.0,0,0,0,0
C104139,13,29,39,South,app,Basic,2,11.08,0.0,0,0.045,0,0,0,22.16,0.0,0,0,0,1
C104140,11,28,60,South,web,Premium,7,13.02,0.169,0,0.0,0,1,0,91.14,0.0,0,0,0,0
C104143,10,24,63,Center,store,Basic,3,12.39,0.165,2,0.0,1,0,0,37.17,0.031746031746031744,1,0,0,1
C104146,4,45,53,Center,app,Basic,6,15.62,0.228,0,0.16,1,0,0,93.72,0.0,1,0,0,0
C104147,9,43,68,West,app,Premium,5,11.36,0.283,0,0.0,1,0,0,56.8,0.0,1,0,0,0
C104149,8,24,29,East,app,Plus,7,15.47,0.175,1,0.0,0,0,1,108.29,0.034482758620689655,0,0,0,0
C104150,8,46,17,South,web,Basic,5,10.12,0.289,0,0.074,0,0,1,50.599999999999994,0.0,0,0,0,1
C104151,2,24,27,North,web,Basic,8,13.0,0.207,1,0.105,0,1,0,104.0,0.037037037037037035,0,0,0,0
C104152,4,63,23,East,store,Basic,7,9.97,0.342,0,0.194,1,0,0,69.79,0.0,1,0,0,0
C104156,9,57,6,Center,app,Plus,5,15.51,0.285,0,0.155,0,0,1,77.55,0.0,0,0,0,0
C104157,3,39,51,North,app,Plus,6,1.59,0.097,1,0.231,1,0,0,9.540000000000001,0.0196078431372549,1,1,0,1
C104158,10,66,35,North,app,Premium,8,11.49,0.503,0,0.0,0,0,0,91.92,0.0,0,0,0,0
C104160,5,31,61,West,store,Premium,5,4.09,0.233,1,0.092,1,0,0,20.45,0.01639344262295082,1,0,0,1
C104161,9,29,53,West,store,Premium,7,10.59,0.165,0,0.026,0,0,0,74.13,0.0,0,0,0,0
C104164,3,32,67,North,web,Basic,4,10.63,0.073,0,0.038,0,0,0,42.52,0.0,0,0,0,1
C104166,13,29,21,East,web,Basic,6,8.47,0.0,0,0.16,0,0,1,50.82000000000001,0.0,0,0,0,1
C104171,1,69,61,East,app,Basic,3,5.32,0.323,1,0.052,0,0,1,15.96,0.01639344262295082,0,0,0,1
C104172,7,30,57,North,app,Basic,8,12.5,0.277,0,0.097,1,1,0,100.0,0.0,1,0,0,0
C104173,2,74,2,South,app,Plus,5,12.32,0.22,0,0.021,0,0,1,61.6,0.0,0,0,1,0
C104174,11,37,56,East,store,Plus,5,16.43,0.213,0,0.077,0,0,0,82.15,0.0,0,0,0,0
C104176,10,24,51,West,app,Plus,3,13.74,0.299,0,0.0,0,0,0,41.22,0.0,0,0,0,1
C104177,8,59,46,South,store,Basic,10,1.0,0.021,0,0.088,0,0,0,10.0,0.0,0,0,0,1
C104178,8,67,60,South,app,Plus,6,8.09,0.121,0,0.002,1,1,0,48.54,0.0,1,0,0,1
C104179,6,65,24,North,store,Basic,7,11.03,0.258,0,0.0,0,0,0,77.21,0.0,0,0,0,0
C104182,2,43,4,West,store,Basic,7,8.61,0.05,1,0.233,0,0,1,60.269999999999996,0.25,0,1,1,0
C104183,1,34,28,West,app,Plus,7,10.8,0.126,0,0.212,0,0,0,75.60000000000001,0.0,0,1,0,0
C104184,11,61,55,North,store,Plus,3,13.89,0.461,0,0.2,0,0,0,41.67,0.0,0,1,0,1
C104185,1,53,53,North,web,Basic,4,11.43,0.095,1,0.046,0,0,1,45.72,0.018867924528301886,0,0,0,1
C104186,10,67,5,Center,web,Premium,8,1.84,0.166,0,0.138,0,1,0,14.72,0.0,0,0,1,1
C104187,5,67,18,East,app,Premium,4,10.69,0.0,0,0.045,0,1,0,42.76,0.0,0,0,0,1
C104189,8,24,45,East,web,Plus,6,11.8,0.186,1,0.0,1,1,0,70.80000000000001,0.022222222222222223,1,0,0,0
C104190,3,53,65,South,web,Plus,4,22.43,0.067,0,0.0,0,0,0,89.72,0.0,0,0,0,0
C104191,3,45,64,West,store,Plus,2,11.28,0.276,0,0.344,0,0,0,22.56,0.0,0,1,0,1
C104193,4,19,62,Center,web,Premium,7,12.47,0.166,1,0.01,0,0,0,87.29,0.016129032258064516,0,0,0,0
C104195,11,66,27,South,web,Plus,4,20.13,0.295,0,0.045,0,1,1,80.52,0.0,0,0,0,0
C104199,5,20,39,West,app,Plus,5,12.7,0.214,0,0.188,0,0,0,63.5,0.0,0,0,0,0
C104202,10,59,45,West,store,Basic,5,11.94,0.135,0,0.125,0,0,0,59.699999999999996,0.0,0,0,0,0
C104204,10,25,24,Center,store,Plus,7,12.41,0.173,2,0.11,0,0,1,86.87,0.08333333333333333,0,0,0,0
C104205,12,25,69,North,web,Plus,5,10.29,0.35,0,0.226,0,1,0,51.449999999999996,0.0,0,1,0,1
C104207,1,47,63,South,app,Plus,4,17.28,0.046,1,0.134,0,1,0,69.12,0.015873015873015872,0,0,0,0
C104208,6,36,36,South,app,Plus,4,15.16,0.328,0,0.13,0,1,0,60.64,0.0,0,0,0,0
C104209,10,57,23,North,store,Basic,6,7.27,0.045,0,0.004,0,1,0,43.62,0.0,0,0,0,1
C104211,6,37,49,West,store,Premium,7,1.98,0.337,1,0.014,1,1,1,13.86,0.02040816326530612,1,0,0,1
C104212,9,23,8,Center,app,Plus,7,13.96,0.287,0,0.297,0,0,1,97.72,0.0,0,1,0,0
C104213,11,46,68,Center,web,Premium,3,14.48,0.324,1,0.322,0,0,0,43.44,0.014705882352941176,0,1,0,1
C104215,6,73,26,West,web,Basic,2,13.14,0.1,0,0.0,0,1,1,26.28,0.0,0,0,0,1
C104217,2,54,61,South,app,Plus,7,9.96,0.215,0,0.071,1,0,0,69.72,0.0,1,0,0,0
C104221,6,21,63,South,app,Premium,3,10.88,0.155,1,0.0,0,0,0,32.64,0.015873015873015872,0,0,0,1
C104222,9,39,58,Center,app,Premium,8,4.49,0.343,0,0.0,0,0,0,35.92,0.0,0,0,0,1
C104223,13,24,6,Center,web,Plus,12,17.49,0.111,1,0.052,0,1,1,209.88,0.16666666666666666,0,0,0,0
C104224,2,48,8,West,store,Basic,6,16.74,0.211,1,0.075,0,0,0,100.44,0.125,0,0,0,0
C104225,6,66,66,South,web,Basic,4,20.0,0.014,0,0.27,0,1,0,80.0,0.0,0,1,0,0
C104226,1,44,33,Center,app,Premium,4,12.81,0.35,0,0.074,0,1,0,51.24,0.0,0,0,0,1
C104227,12,60,70,North,store,Plus,6,17.04,0.167,0,0.014,0,0,0,102.24,0.0,0,0,0,0
C104228,4,35,13,Center,store,Premium,10,10.15,0.167,0,0.001,0,0,0,101.5,0.0,0,0,0,0
C104231,13,50,45,North,web,Basic,6,7.74,0.294,1,0.0,0,0,1,46.44,0.022222222222222223,0,0,0,1
C104237,8,59,51,Center,store,Basic,6,8.93,0.204,0,0.123,0,1,0,53.58,0.0,0,0,0,1
C104240,2,18,4,East,web,Plus,3,15.14,0.34,1,0.0,0,0,0,45.42,0.25,0,0,1,1
C104241,13,46,61,Center,web,Premium,5,10.95,0.047,1,0.0,0,0,1,54.75,0.01639344262295082,0,0,0,0
C104243,6,44,21,North,app,Premium,5,13.48,0.291,0,0.051,0,0,0,67.4,0.0,0,0,0,0
C104245,13,55,9,East,web,Plus,4,12.62,0.117,0,0.0,0,0,0,50.48,0.0,0,0,0,1
C104246,2,47,58,North,app,Basic,1,11.05,0.173,2,0.0,0,1,0,11.05,0.034482758620689655,0,0,0,1
C104248,2,67,22,South,app,Plus,9,9.04,0.058,0,0.173,0,1,0,81.35999999999999,0.0,0,0,0,0
C104249,13,19,2,South,store,Premium,9,6.95,0.458,0,0.124,1,0,1,62.550000000000004,0.0,1,0,1,0
C104252,6,38,56,Center,app,Basic,7,13.02,0.083,1,0.003,0,1,0,91.14,0.017857142857142856,0,0,0,0
C104255,11,66,56,North,app,Plus,7,11.95,0.503,0,0.054,0,1,0,83.64999999999999,0.0,0,0,0,0
C104256,10,48,45,South,web,Plus,4,17.16,0.113,0,0.09,0,0,0,68.64,0.0,0,0,0,0
C104259,5,60,60,Center,web,Plus,5,15.5,0.183,1,0.052,0,1,0,77.5,0.016666666666666666,0,0,0,0
C104261,7,43,48,South,web,Basic,4,14.96,0.277,1,0.161,0,1,0,59.84,0.020833333333333332,0,0,0,0
C104263,2,23,60,Center,web,Basic,5,10.88,0.089,1,0.04,1,0,1,54.400000000000006,0.016666666666666666,1,0,0,1
C104264,4,71,8,South,app,Basic,3,12.55,0.173,0,0.0,0,0,1,37.650000000000006,0.0,0,0,0,1
C104266,6,26,21,East,app,Premium,4,8.53,0.046,0,0.264,0,0,0,34.12,0.0,0,1,0,1
C104267,1,67,63,Center,web,Plus,1,15.33,0.211,0,0.065,1,0,1,15.33,0.0,1,0,0,1
C104270,8,33,46,South,app,Basic,5,15.05,0.204,0,0.158,0,0,0,75.25,0.0,0,0,0,0
C104271,12,54,26,Center,app,Premium,8,19.75,0.195,0,0.087,0,0,1,158.0,0.0,0,0,0,0
C104272,3,63,27,South,app,Basic,6,17.21,0.196,0,0.094,0,0,1,103.26,0.0,0,0,0,0
C104273,5,39,45,Center,store,Basic,6,21.45,0.244,1,0.215,0,1,0,128.7,0.022222222222222223,0,1,0,0
C104274,12,26,22,Center,web,Basic,5,17.21,0.304,0,0.129,0,0,0,86.05000000000001,0.0,0,0,0,0
C104276,9,63,45,West,web,Basic,5,12.53,0.14,2,0.105,0,1,1,62.65,0.044444444444444446,0,0,0,0
C104278,11,32,49,West,store,Basic,5,12.57,0.45,0,0.149,0,0,0,62.85,0.0,0,0,0,0
C104279,1,45,58,South,app,Plus,4,12.68,0.1,1,0.037,0,1,0,50.72,0.017241379310344827,0,0,0,1
C104282,8,63,68,North,app,Premium,4,12.78,0.247,0,0.302,1,0,0,51.12,0.0,1,1,0,1
C104284,4,72,50,West,app,Basic,6,7.41,0.151,0,0.0,0,0,0,44.46,0.0,0,0,0,1
C104285,6,57,53,South,store,Plus,9,6.82,0.278,0,0.006,0,0,0,61.38,0.0,0,0,0,0
C104287,13,36,49,East,app,Basic,6,20.42,0.201,0,0.134,0,0,0,122.52000000000001,0.0,0,0,0,0
C104288,7,35,45,West,app,Basic,5,17.21,0.1,0,0.002,0,0,0,86.05000000000001,0.0,0,0,0,0
C104289,1,50,20,South,app,Basic,5,12.28,0.284,0,0.0,1,1,0,61.4,0.0,1,0,0,0
C104292,7,28,35,North,web,Basic,7,4.53,0.128,1,0.101,1,1,1,31.71,0.02857142857142857,1,0,0,1
C104293,11,60,2,North,web,Premium,3,19.01,0.068,0,0.183,1,0,0,57.03,0.0,1,0,1,0
C104294,6,53,28,Center,web,Basic,9,3.72,0.183,1,0.244,0,0,1,33.480000000000004,0.03571428571428571,0,1,0,1
C104296,13,57,69,North,store,Plus,3,7.55,0.273,1,0.187,1,0,1,22.65,0.014492753623188406,1,0,0,1
C104297,10,45,20,South,web,Basic,6,19.66,0.11,0,0.0,0,0,0,117.96000000000001,0.0,0,0,0,0
C104298,3,68,59,West,store,Plus,6,14.31,0.0,0,0.022,0,1,0,85.86,0.0,0,0,0,0
C104299,4,70,15,Center,store,Basic,5,17.2,0.114,0,0.052,1,1,0,86.0,0.0,1,0,0,0
C104301,5,58,4,South,app,Basic,4,11.03,0.161,0,0.167,0,0,1,44.12,0.0,0,0,1,1
C104305,10,37,25,North,app,Plus,5,13.42,0.197,1,0.12,0,0,0,67.1,0.04,0,0,0,0
C104306,7,19,5,South,web,Basic,6,11.92,0.227,0,0.317,1,1,0,71.52,0.0,1,1,1,0
C104312,2,65,31,West,app,Plus,7,20.06,0.223,0,0.232,0,1,0,140.42,0.0,0,1,0,0
C104313,6,69,61,Center,web,Basic,8,4.09,0.129,0,0.088,0,0,0,32.72,0.0,0,0,0,1
C104314,3,39,65,Center,app,Basic,8,12.51,0.245,1,0.0,1,1,0,100.08,0.015384615384615385,1,0,0,0
C104315,11,55,62,North,store,Basic,7,15.52,0.117,1,0.144,0,0,0,108.64,0.016129032258064516,0,0,0,0
C104319,8,49,9,South,app,Basic,2,10.59,0.212,0,0.0,0,0,0,21.18,0.0,0,0,0,1
C104321,2,59,20,West,store,Premium,6,21.6,0.175,1,0.129,1,0,0,129.60000000000002,0.05,1,0,0,0
C104323,4,25,48,Center,web,Plus,3,13.85,0.318,2,0.239,0,1,0,41.55,0.041666666666666664,0,1,0,1
C104325,13,74,29,East,app,Premium,3,7.65,0.396,0,0.172,0,1,0,22.950000000000003,0.0,0,0,0,1
C104328,6,24,64,Center,store,Basic,3,10.67,0.143,0,0.0,0,0,0,32.01,0.0,0,0,0,1
C104331,11,31,47,Center,web,Basic,2,12.83,0.186,1,0.277,0,0,1,25.66,0.02127659574468085,0,1,0,1
C104332,3,73,61,North,web,Basic,1,14.39,0.201,0,0.063,0,0,0,14.39,0.0,0,0,0,1
C104334,11,18,1,East,web,Basic,4,10.03,0.324,0,0.0,0,0,0,40.12,0.0,0,0,1,1
C104335,4,61,7,East,web,Premium,5,10.89,0.114,0,0.0,1,0,1,54.45,0.0,1,0,0,1
C104336,12,71,35,East,app,Basic,7,20.95,0.287,0,0.148,0,1,0,146.65,0.0,0,0,0,0
C104337,1,26,22,South,app,Basic,6,15.05,0.144,0,0.0,0,0,0,90.30000000000001,0.0,0,0,0,0
C104338,4,49,68,West,web,Premium,3,9.77,0.118,0,0.158,0,1,0,29.31,0.0,0,0,0,1
C104339,4,72,3,Center,app,Premium,3,13.48,0.144,0,0.308,0,0,0,40.44,0.0,0,1,1,1
C104340,10,36,49,South,web,Basic,7,9.93,0.159,1,0.0,0,0,1,69.50999999999999,0.02040816326530612,0,0,0,0
C104341,10,37,38,Center,web,Plus,2,15.54,0.213,2,0.076,0,0,0,31.08,0.05263157894736842,0,0,0,1
C104344,7,70,36,Center,app,Basic,7,4.33,0.046,0,0.062,0,1,0,30.310000000000002,0.0,0,0,0,1
C104345,3,60,19,East,app,Basic,3,16.98,0.151,0,0.226,0,1,1,50.94,0.0,0,1,0,1
C104346,4,34,9,East,store,Premium,7,18.09,0.2,1,0.0,1,0,0,126.63,0.1111111111111111,1,0,0,0
C104348,7,27,67,East,app,Plus,5,9.65,0.259,0,0.0,0,0,0,48.25,0.0,0,0,0,1
C104349,3,38,33,North,web,Plus,7,8.59,0.034,0,0.165,0,0,0,60.129999999999995,0.0,0,0,0,0
C104351,11,23,12,South,app,Premium,0,11.19,0.053,1,0.0,0,0,0,0.0,0.08333333333333333,0,0,0,1
C104352,5,25,66,West,app,Plus,6,17.58,0.261,0,0.024,1,1,0,105.47999999999999,0.0,1,0,0,0
C104353,13,23,14,Center,web,Basic,7,17.49,0.097,1,0.007,0,0,0,122.42999999999999,0.07142857142857142,0,0,0,0
C104355,6,53,28,Center,app,Plus,6,12.82,0.223,1,0.0,0,0,0,76.92,0.03571428571428571,0,0,0,0
C104361,4,38,51,Center,app,Basic,7,8.96,0.059,0,0.046,0,0,0,62.720000000000006,0.0,0,0,0,0
C104362,9,20,68,West,app,Basic,5,1.22,0.265,0,0.0,0,0,0,6.1,0.0,0,0,0,1
C104363,12,71,27,Center,app,Basic,4,9.12,0.158,0,0.024,1,0,0,36.48,0.0,1,0,0,1
C104369,2,70,14,East,app,Premium,6,12.72,0.014,1,0.0,0,1,0,76.32000000000001,0.07142857142857142,0,0,0,0
C104370,5,36,51,North,app,Plus,4,17.85,0.299,0,0.011,0,0,0,71.4,0.0,0,0,0,0
C104371,8,26,55,South,web,Plus,4,11.59,0.076,1,0.055,0,0,0,46.36,0.01818181818181818,0,0,0,1
C104376,5,20,10,Center,app,Basic,1,11.53,0.107,1,0.062,0,0,1,11.53,0.1,0,0,0,1
C104377,10,58,71,South,web,Premium,5,10.69,0.375,0,0.087,0,0,0,53.449999999999996,0.0,0,0,0,1
C104380,13,52,27,Center,app,Plus,5,20.14,0.313,0,0.179,1,0,0,100.7,0.0,1,0,0,0
C104382,9,25,19,Center,store,Basic,1,14.74,0.233,0,0.183,0,1,1,14.74,0.0,0,0,0,1
C104383,13,46,31,North,web,Basic,4,16.61,0.168,0,0.004,0,0,0,66.44,0.0,0,0,0,0
C104384,3,70,46,West,web,Plus,3,14.28,0.161,0,0.0,0,1,0,42.839999999999996,0.0,0,0,0,1
C104386,13,33,51,West,app,Basic,12,12.29,0.144,0,0.173,1,0,0,147.48,0.0,1,0,0,0
C104388,8,48,51,South,app,Premium,5,17.66,0.141,1,0.117,0,0,0,88.3,0.0196078431372549,0,0,0,0
C104389,5,69,31,South,store,Basic,2,13.62,0.137,0,0.131,0,0,0,27.24,0.0,0,0,0,1
C104390,13,20,63,South,app,Basic,4,15.48,0.209,0,0.153,0,0,0,61.92,0.0,0,0,0,0
C104391,7,27,21,East,web,Basic,3,11.59,0.127,0,0.286,0,0,1,34.769999999999996,0.0,0,1,0,1
C104393,13,62,58,East,web,Premium,7,5.47,0.135,1,0.188,0,0,0,38.29,0.017241379310344827,0,0,0,1
C104395,12,33,7,Center,app,Plus,5,11.85,0.038,2,0.117,0,1,0,59.25,0.2857142857142857,0,0,0,0
C104396,8,32,62,East,store,Premium,3,10.92,0.122,1,0.107,0,1,1,32.76,0.016129032258064516,0,0,0,1
C104398,8,60,26,West,app,Premium,7,6.37,0.125,1,0.16,0,1,0,44.59,0.038461538461538464,0,0,0,1
C104401,1,50,24,Center,app,Plus,6,7.53,0.238,1,0.389,0,0,0,45.18,0.041666666666666664,0,1,0,1
C104402,12,56,30,North,app,Plus,4,8.8,0.235,0,0.019,0,1,0,35.2,0.0,0,0,0,1
C104405,5,31,65,East,app,Basic,4,12.56,0.359,0,0.108,0,1,0,50.24,0.0,0,0,0,1
C104406,7,27,6,North,web,Plus,7,5.42,0.037,0,0.051,0,1,1,37.94,0.0,0,0,0,1
C104407,1,23,59,Center,app,Basic,2,7.56,0.364,0,0.0,0,1,1,15.12,0.0,0,0,0,1
C104409,6,36,5,South,web,Premium,7,8.27,0.217,1,0.0,0,1,0,57.89,0.2,0,0,1,0
C104410,2,23,71,Center,web,Premium,2,12.92,0.077,0,0.134,0,0,0,25.84,0.0,0,0,0,1
C104412,6,37,32,Center,app,Plus,6,12.55,0.215,0,0.092,0,1,0,75.30000000000001,0.0,0,0,0,0
C104413,10,19,28,Center,app,Premium,6,16.04,0.168,0,0.085,0,0,1,96.24,0.0,0,0,0,0
C104418,9,63,20,North,store,Premium,3,12.3,0.367,1,0.098,0,1,0,36.900000000000006,0.05,0,0,0,1
C104419,8,20,68,South,app,Premium,3,14.49,0.089,1,0.007,0,0,1,43.47,0.014705882352941176,0,0,0,1
C104420,8,38,16,South,app,Basic,7,13.11,0.197,1,0.0,1,0,0,91.77,0.0625,1,0,0,0
C104421,12,34,16,East,app,Premium,6,8.75,0.316,0,0.0,0,1,0,52.5,0.0,0,0,0,1
C104426,3,45,8,South,app,Premium,3,4.96,0.27,0,0.149,0,0,0,14.879999999999999,0.0,0,0,0,1
C104428,5,72,14,Center,web,Premium,3,17.83,0.0,0,0.002,0,0,0,53.489999999999995,0.0,0,0,0,1
C104432,12,41,41,Center,web,Basic,3,6.78,0.146,0,0.062,0,0,0,20.34,0.0,0,0,0,1
C104433,7,43,38,Center,web,Basic,1,16.44,0.208,0,0.0,0,0,1,16.44,0.0,0,0,0,1
C104434,12,35,51,Center,web,Plus,5,12.21,0.276,0,0.093,0,1,1,61.050000000000004,0.0,0,0,0,0
C104436,13,65,56,Center,web,Premium,3,19.23,0.0,0,0.201,0,0,1,57.69,0.0,0,1,0,0
C104439,11,70,5,Center,app,Basic,1,15.16,0.343,0,0.198,0,0,1,15.16,0.0,0,0,1,1
C104440,1,24,60,West,web,Basic,3,9.04,0.334,0,0.051,0,0,0,27.119999999999997,0.0,0,0,0,1
C104442,2,58,53,North,web,Basic,4,6.21,0.14,0,0.241,1,0,0,24.84,0.0,1,1,0,1
C104443,6,40,18,South,web,Plus,3,12.26,0.338,0,0.0,0,0,0,36.78,0.0,0,0,0,1
C104444,7,40,10,North,app,Premium,2,17.33,0.113,0,0.004,0,1,1,34.66,0.0,0,0,0,1
C104445,7,21,26,Center,app,Plus,9,15.34,0.297,0,0.189,1,1,0,138.06,0.0,1,0,0,0
C104446,3,40,22,North,store,Basic,4,7.45,0.206,0,0.243,0,0,1,29.8,0.0,0,1,0,1
C104449,11,74,46,West,app,Plus,4,13.15,0.205,0,0.066,0,0,0,52.6,0.0,0,0,0,1
C104451,2,47,70,West,app,Plus,3,14.65,0.18,0,0.165,0,0,0,43.95,0.0,0,0,0,1
C104453,13,30,29,South,app,Plus,2,15.82,0.095,0,0.178,0,1,0,31.64,0.0,0,0,0,1
C104455,12,48,23,Center,store,Plus,3,9.79,0.048,0,0.162,0,0,0,29.369999999999997,0.0,0,0,0,1
C104458,9,51,47,Center,app,Premium,4,11.64,0.219,0,0.251,0,0,0,46.56,0.0,0,1,0,1
C104459,4,45,2,North,app,Basic,6,4.02,0.18,1,0.0,0,0,0,24.119999999999997,0.5,0,0,1,1
C104461,3,38,7,North,app,Basic,2,13.77,0.339,0,0.0,0,0,1,27.54,0.0,0,0,0,1
C104463,7,32,4,Center,web,Basic,8,8.62,0.426,0,0.116,0,0,0,68.96,0.0,0,0,1,0
C104466,13,28,28,North,web,Basic,5,11.43,0.194,0,0.0,1,0,1,57.15,0.0,1,0,0,0
C104468,4,50,51,North,app,Premium,5,13.84,0.03,0,0.134,0,1,0,69.2,0.0,0,0,0,0
C104471,4,72,39,East,app,Plus,3,15.56,0.21,1,0.0,0,0,1,46.68,0.02564102564102564,0,0,0,1
C104472,4,36,10,West,web,Plus,5,10.19,0.119,1,0.129,0,1,1,50.949999999999996,0.1,0,0,0,1
C104473,13,18,15,West,web,Premium,7,14.53,0.283,0,0.0,0,0,0,101.71,0.0,0,0,0,0
C104474,13,60,48,North,app,Premium,7,15.39,0.313,1,0.09,0,0,0,107.73,0.020833333333333332,0,0,0,0
C104475,9,59,3,East,web,Basic,6,14.61,0.172,0,0.221,1,0,1,87.66,0.0,1,1,1,0
C104478,7,24,29,Center,app,Basic,4,11.38,0.273,1,0.181,0,0,1,45.52,0.034482758620689655,0,0,0,1
C104479,1,41,10,South,app,Plus,4,15.78,0.148,1,0.0,0,0,1,63.12,0.1,0,0,0,0
C104484,12,27,67,East,web,Plus,4,14.67,0.082,0,0.09,1,1,0,58.68,0.0,1,0,0,0
C104485,5,56,18,West,web,Basic,2,9.26,0.06,1,0.081,1,0,1,18.52,0.05555555555555555,1,0,0,1
C104487,11,58,15,East,web,Premium,6,13.75,0.235,0,0.079,0,0,0,82.5,0.0,0,0,0,0
C104488,6,25,68,Center,app,Basic,5,7.45,0.253,0,0.195,0,1,0,37.25,0.0,0,0,0,1
C104489,5,59,67,East,web,Plus,5,17.81,0.01,0,0.091,1,1,0,89.05,0.0,1,0,0,0
C104492,8,39,41,Center,store,Plus,5,15.88,0.28,1,0.09,0,0,0,79.4,0.024390243902439025,0,0,0,0
C104494,4,54,35,South,store,Plus,4,11.45,0.128,0,0.231,0,0,0,45.8,0.0,0,1,0,1
C104497,11,50,41,Center,web,Premium,7,9.46,0.253,0,0.038,1,0,0,66.22,0.0,1,0,0,0
C104498,5,57,41,East,web,Plus,5,10.96,0.0,0,0.0,1,1,0,54.800000000000004,0.0,1,0,0,0
C104500,9,43,70,East,web,Basic,5,9.35,0.118,0,0.101,0,1,0,46.75,0.0,0,0,0,1
C104501,5,33,25,Center,store,Plus,4,18.33,0.121,0,0.0,0,0,1,73.32,0.0,0,0,0,0
C104502,2,36,36,South,web,Plus,6,15.77,0.147,0,0.218,0,1,0,94.62,0.0,0,1,0,0
C104504,1,32,31,West,store,Basic,3,15.6,0.135,0,0.0,1,1,0,46.8,0.0,1,0,0,1
C104505,7,54,65,North,store,Premium,3,14.05,0.228,0,0.075,0,1,0,42.150000000000006,0.0,0,0,0,1
C104506,12,57,32,Center,app,Basic,7,16.69,0.175,0,0.08,0,1,0,116.83000000000001,0.0,0,0,0,0
C104507,4,69,13,Center,web,Premium,3,24.26,0.154,0,0.026,0,0,0,72.78,0.0,0,0,0,0
C104509,4,34,52,South,app,Plus,5,11.44,0.0,0,0.033,0,1,1,57.199999999999996,0.0,0,0,0,0
C104510,8,22,26,South,web,Premium,5,9.49,0.074,0,0.0,0,0,1,47.45,0.0,0,0,0,1
C104511,3,73,10,East,web,Basic,7,8.42,0.348,0,0.116,0,1,0,58.94,0.0,0,0,0,0
C104512,6,42,18,West,web,Basic,6,10.42,0.0,0,0.068,0,0,0,62.519999999999996,0.0,0,0,0,0
C104514,12,21,29,East,app,Plus,2,7.29,0.115,0,0.0,0,1,0,14.58,0.0,0,0,0,1
C104516,7,44,29,North,web,Plus,7,9.48,0.156,0,0.0,1,1,1,66.36,0.0,1,0,0,0
C104518,3,68,6,North,app,Basic,4,13.7,0.259,0,0.0,0,0,0,54.8,0.0,0,0,0,0
C104519,12,28,52,East,web,Plus,6,15.02,0.104,1,0.096,0,0,0,90.12,0.019230769230769232,0,0,0,0
C104520,1,39,64,North,web,Plus,5,15.75,0.015,0,0.13,1,0,0,78.75,0.0,1,0,0,0
C104524,8,56,52,Center,web,Basic,5,7.42,0.315,0,0.05,0,1,0,37.1,0.0,0,0,0,1
C104526,4,59,43,Center,web,Plus,6,7.67,0.224,0,0.284,0,0,0,46.019999999999996,0.0,0,1,0,1
C104528,9,52,57,North,web,Basic,6,22.92,0.164,0,0.02,0,1,0,137.52,0.0,0,0,0,0
C104530,13,31,52,East,web,Basic,3,5.88,0.177,1,0.189,0,0,0,17.64,0.019230769230769232,0,0,0,1
C104532,5,45,1,Center,app,Basic,5,13.1,0.151,0,0.0,1,0,1,65.5,0.0,1,0,1,0
C104536,12,70,9,Center,store,Basic,6,14.91,0.316,0,0.139,0,0,0,89.46000000000001,0.0,0,0,0,0
C104540,12,71,33,West,store,Basic,6,10.29,0.24,1,0.028,0,0,1,61.739999999999995,0.030303030303030304,0,0,0,0
C104541,1,74,62,West,app,Plus,8,13.82,0.044,0,0.004,0,0,0,110.56,0.0,0,0,0,0
C104543,9,19,53,Center,web,Premium,4,17.55,0.297,0,0.119,0,0,0,70.2,0.0,0,0,0,0
C104544,10,18,17,North,app,Plus,3,20.19,0.133,1,0.114,0,1,1,60.57000000000001,0.058823529411764705,0,0,0,0
C104546,1,38,67,Center,web,Basic,4,10.63,0.526,2,0.156,0,0,0,42.52,0.029850746268656716,0,0,0,1
C104547,2,60,17,South,web,Basic,7,8.18,0.061,0,0.071,0,0,1,57.26,0.0,0,0,0,0
C104549,4,60,54,West,app,Plus,4,10.75,0.068,0,0.0,2,1,1,43.0,0.0,1,0,0,1
C104551,12,58,30,Center,web,Premium,4,13.29,0.171,0,0.0,0,0,0,53.16,0.0,0,0,0,1
C104552,10,57,9,North,app,Plus,3,10.17,0.56,0,0.044,0,1,0,30.509999999999998,0.0,0,0,0,1
C104554,8,20,39,Center,app,Basic,7,11.97,0.214,0,0.121,2,0,0,83.79,0.0,1,0,0,0
C104555,3,22,16,Center,store,Premium,6,8.83,0.04,2,0.406,0,0,0,52.980000000000004,0.125,0,1,0,1
C104557,8,62,67,Center,web,Basic,1,8.93,0.221,0,0.0,0,0,0,8.93,0.0,0,0,0,1
C104559,12,52,12,Center,app,Basic,7,10.85,0.099,1,0.069,0,1,0,75.95,0.08333333333333333,0,0,0,0
C104560,8,72,71,South,web,Premium,1,16.21,0.357,0,0.0,0,1,0,16.21,0.0,0,0,0,1
C104561,4,32,57,Center,web,Plus,3,7.47,0.285,0,0.208,0,0,0,22.41,0.0,0,1,0,1
C104562,9,31,36,North,app,Basic,6,9.49,0.05,0,0.152,1,0,1,56.94,0.0,1,0,0,0
C104563,12,18,64,North,app,Basic,4,5.55,0.203,0,0.097,2,1,0,22.2,0.0,1,0,0,1
C104564,4,25,60,Center,web,Plus,6,11.41,0.241,1,0.127,0,0,0,68.46000000000001,0.016666666666666666,0,0,0,0
C104565,1,48,11,Center,app,Basic,7,4.05,0.163,0,0.331,0,1,0,28.349999999999998,0.0,0,1,0,1
C104566,2,62,58,South,store,Basic,11,9.11,0.376,0,0.065,0,0,0,100.21,0.0,0,0,0,0
C104567,3,23,62,East,app,Plus,7,15.49,0.151,0,0.071,0,0,0,108.43,0.0,0,0,0,0
C104570,4,25,12,West,store,Basic,6,8.11,0.161,0,0.145,0,0,1,48.66,0.0,0,0,0,1
C104571,13,37,43,Center,app,Plus,3,14.14,0.0,0,0.0,1,0,0,42.42,0.0,1,0,0,1
C104572,3,54,47,East,app,Plus,9,11.04,0.179,1,0.1,0,0,0,99.35999999999999,0.02127659574468085,0,0,0,0
C104574,5,64,36,East,app,Plus,3,15.28,0.23,0,0.033,0,1,0,45.839999999999996,0.0,0,0,0,1
C104575,9,23,24,East,web,Premium,4,8.86,0.311,0,0.008,0,0,1,35.44,0.0,0,0,0,1
C104576,11,21,41,North,app,Plus,2,2.26,0.079,0,0.112,0,1,0,4.52,0.0,0,0,0,1
C104580,13,43,50,North,web,Premium,7,12.28,0.142,0,0.078,0,0,0,85.96,0.0,0,0,0,0
C104581,4,62,46,South,app,Premium,6,14.4,0.261,1,0.046,0,0,0,86.4,0.021739130434782608,0,0,0,0
C104583,8,49,52,South,web,Plus,4,12.9,0.42,1,0.082,0,1,0,51.6,0.019230769230769232,0,0,0,1
C104584,1,52,12,East,store,Basic,7,11.22,0.136,0,0.091,0,0,0,78.54,0.0,0,0,0,0
C104585,12,31,51,South,web,Plus,4,13.78,0.221,0,0.19,0,1,0,55.12,0.0,0,0,0,0
C104586,9,55,21,East,app,Basic,3,14.88,0.128,0,0.098,0,0,0,44.64,0.0,0,0,0,1
C104587,8,72,25,Center,app,Premium,4,12.98,0.222,1,0.188,2,0,1,51.92,0.04,1,0,0,1
C104588,1,23,2,South,web,Premium,7,14.95,0.066,1,0.101,0,0,1,104.64999999999999,0.5,0,0,1,0
C104589,13,56,24,Center,app,Plus,7,16.43,0.275,0,0.159,0,0,0,115.00999999999999,0.0,0,0,0,0
C104591,1,37,55,North,app,Basic,5,20.47,0.138,0,0.16,1,0,0,102.35,0.0,1,0,0,0
C104592,1,26,13,West,app,Premium,3,15.71,0.283,0,0.217,0,0,0,47.13,0.0,0,1,0,1
C104593,1,66,70,North,web,Basic,9,4.17,0.257,0,0.056,0,0,0,37.53,0.0,0,0,0,1
C104594,3,42,13,West,app,Plus,5,12.73,0.219,0,0.091,0,0,0,63.650000000000006,0.0,0,0,0,0
C104596,4,73,71,East,app,Plus,3,12.74,0.151,0,0.02,0,1,0,38.22,0.0,0,0,0,1
C104597,8,71,30,North,app,Basic,7,11.33,0.233,0,0.136,0,1,0,79.31,0.0,0,0,0,0
C104600,7,34,40,North,app,Plus,6,12.86,0.331,0,0.122,0,0,0,77.16,0.0,0,0,0,0
C104602,12,19,67,South,store,Premium,4,11.33,0.189,0,0.299,2,1,0,45.32,0.0,1,1,0,1
C104603,1,21,2,East,web,Plus,1,9.52,0.236,0,0.0,0,1,0,9.52,0.0,0,0,1,1
C104604,8,65,37,East,app,Plus,6,11.43,0.292,1,0.052,1,0,0,68.58,0.02702702702702703,1,0,0,0
C104605,13,59,64,North,app,Plus,9,12.28,0.304,1,0.079,1,0,0,110.52,0.015625,1,0,0,0
C104607,8,34,55,East,web,Basic,7,10.4,0.264,0,0.173,0,0,0,72.8,0.0,0,0,0,0
C104609,7,42,24,North,app,Plus,0,12.96,0.089,0,0.199,0,0,0,0.0,0.0,0,0,0,1
C104610,1,49,15,West,app,Plus,6,11.03,0.367,0,0.163,1,1,0,66.17999999999999,0.0,1,0,0,0
C104612,2,37,5,East,store,Basic,8,6.96,0.392,0,0.042,0,0,0,55.68,0.0,0,0,1,0
C104615,11,30,46,Center,web,Basic,6,8.3,0.123,0,0.169,0,1,0,49.800000000000004,0.0,0,0,0,1
C104618,11,64,30,South,web,Plus,8,7.27,0.122,0,0.229,0,0,0,58.16,0.0,0,1,0,0
C104619,9,60,65,North,web,Basic,5,11.06,0.164,0,0.024,0,0,0,55.300000000000004,0.0,0,0,0,0
C104623,7,46,58,North,app,Basic,5,14.55,0.136,0,0.108,0,0,0,72.75,0.0,0,0,0,0
C104624,2,62,47,Center,web,Plus,4,10.17,0.05,0,0.216,0,0,0,40.68,0.0,0,1,0,1
C104625,9,36,41,North,web,Basic,4,12.46,0.373,0,0.193,0,0,0,49.84,0.0,0,0,0,1
C104628,8,34,53,South,app,Basic,7,3.93,0.166,0,0.327,0,1,0,27.51,0.0,0,1,0,1
C104629,2,71,69,North,app,Plus,5,16.95,0.133,0,0.095,0,0,0,84.75,0.0,0,0,0,0
C104630,9,51,49,South,store,Premium,2,11.2,0.185,0,0.019,2,0,0,22.4,0.0,1,0,0,1
C104632,3,49,66,East,app,Plus,4,19.72,0.214,0,0.0,0,0,0,78.88,0.0,0,0,0,0
C104633,4,55,65,East,app,Basic,4,14.27,0.09,0,0.0,0,0,1,57.08,0.0,0,0,0,0
C104636,1,31,19,West,app,Plus,6,11.26,0.051,1,0.0,0,0,0,67.56,0.05263157894736842,0,0,0,0
C104637,10,64,61,Center,app,Plus,3,6.56,0.112,0,0.096,1,1,0,19.68,0.0,1,0,0,1
C104638,10,18,18,South,store,Basic,5,23.24,0.056,0,0.204,0,1,0,116.19999999999999,0.0,0,1,0,0
C104640,9,35,21,Center,app,Plus,3,9.82,0.125,1,0.333,0,1,1,29.46,0.047619047619047616,0,1,0,1
C104641,7,22,45,Center,app,Basic,6,11.89,0.032,0,0.065,0,0,1,71.34,0.0,0,0,0,0
C104642,9,64,57,North,app,Plus,9,20.05,0.267,0,0.241,0,1,0,180.45000000000002,0.0,0,1,0,0
C104651,4,53,61,West,app,Plus,3,9.98,0.048,0,0.031,2,0,0,29.94,0.0,1,0,0,1
C104655,2,25,47,Center,app,Premium,2,2.28,0.354,0,0.08,0,0,0,4.56,0.0,0,0,0,1
C104656,11,57,20,North,app,Premium,10,4.84,0.306,0,0.099,0,1,0,48.4,0.0,0,0,0,1
C104657,7,61,7,Center,app,Premium,6,4.21,0.225,0,0.0,0,1,0,25.259999999999998,0.0,0,0,0,1
C104658,12,21,14,East,app,Premium,6,9.83,0.0,1,0.02,0,1,1,58.980000000000004,0.07142857142857142,0,0,0,0
C104660,6,53,54,North,app,Basic,8,3.64,0.08,1,0.0,0,0,0,29.12,0.018518518518518517,0,0,0,1
C104661,3,27,8,East,app,Basic,3,1.73,0.133,1,0.116,0,1,1,5.1899999999999995,0.125,0,0,0,1
C104662,12,46,15,West,web,Plus,3,13.04,0.15,1,0.0,0,0,1,39.12,0.06666666666666667,0,0,0,1
C104664,1,63,40,North,web,Basic,1,8.04,0.213,1,0.358,0,0,0,8.04,0.025,0,1,0,1
C104668,5,72,29,South,store,Basic,2,15.89,0.263,1,0.161,0,0,0,31.78,0.034482758620689655,0,0,0,1
C104670,6,43,56,North,web,Premium,6,7.46,0.21,0,0.007,0,0,1,44.76,0.0,0,0,0,1
C104672,13,44,66,South,app,Basic,7,13.82,0.236,0,0.107,0,1,0,96.74000000000001,0.0,0,0,0,0
C104676,4,65,59,Center,web,Basic,4,8.54,0.0,0,0.175,0,1,0,34.16,0.0,0,0,0,1
C104677,13,26,16,East,app,Basic,7,8.44,0.139,0,0.041,0,1,0,59.08,0.0,0,0,0,0
C104678,5,47,12,North,app,Premium,5,6.87,0.049,0,0.099,0,0,0,34.35,0.0,0,0,0,1
C104680,4,52,22,West,store,Basic,7,10.44,0.188,0,0.0,0,0,1,73.08,0.0,0,0,0,0
C104682,6,59,54,Center,web,Plus,7,14.39,0.067,0,0.054,0,0,0,100.73,0.0,0,0,0,0
C104683,5,18,70,Center,store,Premium,8,8.8,0.295,0,0.108,1,1,1,70.4,0.0,1,0,0,0
C104684,11,54,59,Center,app,Premium,3,2.92,0.169,0,0.0,0,1,0,8.76,0.0,0,0,0,1
C104688,2,33,52,North,app,Premium,4,11.06,0.175,0,0.051,0,1,0,44.24,0.0,0,0,0,1
C104689,10,57,35,East,store,Plus,6,6.82,0.305,1,0.096,0,0,1,40.92,0.02857142857142857,0,0,0,1
C104692,6,34,3,Center,app,Basic,5,6.13,0.348,0,0.051,0,0,0,30.65,0.0,0,0,1,1
C104694,4,72,53,South,app,Plus,4,14.66,0.223,0,0.057,0,0,0,58.64,0.0,0,0,0,0
C104696,5,19,24,Center,app,Basic,3,8.59,0.177,0,0.142,0,1,0,25.77,0.0,0,0,0,1
C104697,4,66,22,North,app,Plus,6,10.4,0.0,0,0.0,0,1,0,62.400000000000006,0.0,0,0,0,0
C104699,5,55,32,North,web,Plus,6,11.4,0.162,0,0.0,1,0,0,68.4,0.0,1,0,0,0
C104701,1,70,45,East,store,Basic,2,9.77,0.162,0,0.177,0,1,0,19.54,0.0,0,0,0,1
C104702,4,43,1,Center,app,Plus,5,9.66,0.317,0,0.136,0,0,0,48.3,0.0,0,0,1,1
C104703,11,69,40,Center,app,Basic,6,13.21,0.373,0,0.051,0,0,0,79.26,0.0,0,0,0,0
C104704,2,47,31,South,store,Basic,7,12.6,0.098,0,0.248,1,0,1,88.2,0.0,1,1,0,0
C104707,2,33,50,West,app,Basic,4,6.66,0.171,0,0.037,0,1,0,26.64,0.0,0,0,0,1
C104708,3,59,8,West,web,Basic,5,6.8,0.171,0,0.097,0,0,1,34.0,0.0,0,0,0,1
C104709,12,40,20,West,web,Basic,4,12.08,0.109,0,0.045,0,0,0,48.32,0.0,0,0,0,1
C104710,13,59,67,South,app,Premium,5,1.0,0.238,0,0.0,0,1,0,5.0,0.0,0,0,0,1
C104711,8,32,1,South,app,Plus,5,9.46,0.314,1,0.137,0,0,1,47.300000000000004,1.0,0,0,1,1
C104712,10,66,71,North,web,Plus,5,11.7,0.278,0,0.098,0,1,0,58.5,0.0,0,0,0,0
C104715,9,67,43,South,app,Plus,5,12.94,0.166,0,0.067,0,1,0,64.7,0.0,0,0,0,0
C104717,7,19,41,North,store,Plus,4,12.57,0.252,1,0.022,0,1,0,50.28,0.024390243902439025,0,0,0,1
C104718,7,43,16,North,app,Plus,8,10.69,0.207,0,0.206,0,1,0,85.52,0.0,0,1,0,0
C104719,2,28,36,South,app,Plus,6,9.83,0.234,0,0.109,0,0,0,58.980000000000004,0.0,0,0,0,0
C104721,13,61,66,North,app,Plus,8,13.85,0.165,0,0.163,0,1,0,110.8,0.0,0,0,0,0
C104722,3,61,67,Center,web,Premium,9,18.71,0.346,0,0.0,1,1,0,168.39000000000001,0.0,1,0,0,0
C104723,12,30,22,East,app,Basic,4,14.26,0.31,0,0.0,1,0,0,57.04,0.0,1,0,0,0
C104724,4,59,45,South,web,Plus,6,13.88,0.083,2,0.183,0,0,1,83.28,0.044444444444444446,0,0,0,0
C104726,1,52,26,Center,app,Basic,7,9.17,0.268,0,0.157,0,0,0,64.19,0.0,0,0,0,0
C104731,13,43,67,North,app,Premium,4,11.73,0.296,0,0.066,0,0,0,46.92,0.0,0,0,0,1
C104732,9,50,63,South,app,Basic,5,7.24,0.231,0,0.22,0,1,0,36.2,0.0,0,1,0,1
C104733,2,25,11,Center,app,Basic,6,12.95,0.055,1,0.136,0,0,0,77.69999999999999,0.09090909090909091,0,0,0,0
C104734,9,53,28,North,app,Plus,7,12.93,0.351,1,0.202,0,0,0,90.50999999999999,0.03571428571428571,0,1,0,0
C104735,7,33,55,North,web,Premium,5,11.41,0.123,0,0.224,1,0,0,57.05,0.0,1,1,0,0
C104736,11,74,18,Center,web,Premium,2,15.6,0.398,0,0.147,0,0,0,31.2,0.0,0,0,0,1
C104737,5,73,20,West,app,Plus,5,16.85,0.269,0,0.021,0,0,0,84.25,0.0,0,0,0,0
C104738,4,47,37,North,app,Plus,5,17.37,0.338,0,0.0,0,1,0,86.85000000000001,0.0,0,0,0,0
C104739,2,63,5,South,store,Premium,9,14.27,0.292,0,0.0,1,0,0,128.43,0.0,1,0,1,0
C104740,13,72,33,Center,app,Plus,2,20.43,0.134,0,0.179,0,1,0,40.86,0.0,0,0,0,1
C104741,5,21,31,Center,app,Premium,3,11.87,0.088,0,0.066,0,1,0,35.61,0.0,0,0,0,1
C104742,11,29,9,West,store,Plus,6,11.64,0.239,0,0.174,0,0,0,69.84,0.0,0,0,0,0
C104744,6,28,41,Center,web,Basic,6,7.35,0.0,0,0.12,0,1,0,44.099999999999994,0.0,0,0,0,1
C104745,1,39,21,Center,app,Plus,7,13.13,0.389,0,0.143,0,0,0,91.91000000000001,0.0,0,0,0,0
C104746,9,68,34,West,web,Plus,6,14.53,0.0,0,0.054,0,0,0,87.17999999999999,0.0,0,0,0,0
C104750,2,41,12,Center,web,Basic,7,18.92,0.154,0,0.083,0,1,0,132.44,0.0,0,0,0,0
C104752,11,66,8,West,store,Basic,4,12.68,0.454,0,0.03,0,0,0,50.72,0.0,0,0,0,1
C104753,2,19,25,Center,app,Premium,4,16.16,0.167,0,0.0,1,1,0,64.64,0.0,1,0,0,0
C104754,9,25,31,North,web,Basic,9,11.01,0.23,0,0.18,1,0,0,99.09,0.0,1,0,0,0
C104755,7,34,27,North,web,Premium,7,15.05,0.182,0,0.099,2,1,0,105.35000000000001,0.0,1,0,0,0
C104756,13,40,47,West,web,Plus,8,14.68,0.374,0,0.011,0,0,0,117.44,0.0,0,0,0,0
C104757,6,67,22,West,web,Premium,9,10.46,0.239,0,0.0,0,0,0,94.14000000000001,0.0,0,0,0,0
C104761,9,56,15,Center,app,Premium,5,15.24,0.135,0,0.098,0,0,0,76.2,0.0,0,0,0,0
C104762,8,30,20,West,app,Plus,6,13.85,0.286,0,0.079,0,0,0,83.1,0.0,0,0,0,0
C104764,11,42,69,West,app,Basic,3,12.51,0.127,1,0.214,0,1,0,37.53,0.014492753623188406,0,1,0,1
C104767,8,38,27,South,app,Basic,3,10.93,0.079,0,0.255,1,1,0,32.79,0.0,1,1,0,1
C104770,9,64,68,East,app,Plus,5,9.82,0.116,0,0.11,0,0,0,49.1,0.0,0,0,0,1
C104775,5,62,12,Center,store,Basic,6,4.67,0.103,1,0.102,0,1,0,28.02,0.08333333333333333,0,0,0,1
C104777,9,71,17,South,store,Basic,4,7.5,0.0,0,0.0,0,0,0,30.0,0.0,0,0,0,1
C104778,1,26,61,West,app,Premium,6,8.29,0.257,0,0.064,0,0,0,49.739999999999995,0.0,0,0,0,1
C104779,2,74,65,West,web,Plus,5,14.58,0.006,0,0.167,0,0,0,72.9,0.0,0,0,0,0
C104780,4,28,50,West,app,Plus,6,10.86,0.025,0,0.0,0,0,0,65.16,0.0,0,0,0,0
C104781,12,34,33,West,web,Premium,3,8.6,0.0,1,0.0,1,1,0,25.799999999999997,0.030303030303030304,1,0,0,1
C104783,1,55,23,South,web,Plus,2,11.84,0.066,0,0.048,0,0,0,23.68,0.0,0,0,0,1
C104784,3,44,46,East,app,Basic,3,5.37,0.318,0,0.0,0,0,1,16.11,0.0,0,0,0,1
C104785,4,40,16,South,app,Premium,3,15.03,0.225,0,0.254,0,0,1,45.089999999999996,0.0,0,1,0,1
C104787,13,44,63,North,web,Basic,1,11.65,0.193,1,0.0,0,1,0,11.65,0.015873015873015872,0,0,0,1
C104788,5,30,8,West,app,Basic,3,10.96,0.098,0,0.031,1,1,0,32.88,0.0,1,0,0,1
C104790,3,50,23,West,web,Plus,6,12.82,0.137,1,0.223,0,0,0,76.92,0.043478260869565216,0,1,0,0
C104791,5,33,50,Center,store,Basic,5,11.5,0.121,0,0.039,0,0,0,57.5,0.0,0,0,0,0
C104793,6,19,58,East,web,Premium,8,14.86,0.163,0,0.0,0,1,0,118.88,0.0,0,0,0,0
C104794,8,68,46,South,store,Basic,4,13.5,0.054,0,0.0,0,0,1,54.0,0.0,0,0,0,1
C104795,4,61,18,South,app,Basic,3,5.58,0.202,0,0.082,0,1,0,16.740000000000002,0.0,0,0,0,1
C104797,9,57,52,North,web,Plus,8,7.47,0.229,1,0.023,0,1,0,59.76,0.019230769230769232,0,0,0,0
C104799,7,65,6,West,app,Premium,7,6.03,0.246,0,0.041,0,0,0,42.21,0.0,0,0,0,1
C104806,2,73,54,North,app,Basic,4,12.62,0.165,0,0.193,0,1,0,50.48,0.0,0,0,0,1
C104807,9,71,17,Center,web,Basic,7,13.97,0.195,1,0.027,0,0,0,97.79,0.058823529411764705,0,0,0,0
C104809,5,44,26,South,web,Basic,12,13.05,0.0,0,0.0,0,0,0,156.60000000000002,0.0,0,0,0,0
C104810,5,57,54,North,app,Basic,5,14.5,0.09,0,0.139,0,1,0,72.5,0.0,0,0,0,0
C104811,1,29,48,South,app,Plus,10,22.36,0.057,1,0.057,0,0,0,223.6,0.020833333333333332,0,0,0,0
C104813,1,51,67,West,store,Basic,4,12.43,0.094,0,0.135,1,0,0,49.72,0.0,1,0,0,1
C104814,11,52,10,Center,app,Premium,3,17.39,0.058,1,0.028,0,1,1,52.17,0.1,0,0,0,1
C104816,1,44,47,Center,app,Basic,2,13.52,0.443,0,0.081,0,0,1,27.04,0.0,0,0,0,1
C104818,7,60,35,Center,store,Premium,5,6.27,0.284,0,0.111,0,1,0,31.349999999999998,0.0,0,0,0,1
C104819,10,69,9,South,web,Basic,4,12.81,0.251,0,0.021,0,1,1,51.24,0.0,0,0,0,1
C104821,4,41,48,Center,store,Plus,3,17.08,0.155,0,0.0,0,0,0,51.239999999999995,0.0,0,0,0,1
C104824,12,38,63,West,web,Basic,6,10.12,0.118,0,0.18,1,1,0,60.72,0.0,1,0,0,0
C104825,7,67,2,South,web,Basic,6,9.99,0.0,0,0.0,0,0,1,59.94,0.0,0,0,1,0
C104826,2,68,42,Center,app,Basic,5,13.06,0.179,0,0.236,0,0,0,65.3,0.0,0,1,0,0
C104828,7,31,32,South,app,Plus,3,15.29,0.049,0,0.063,0,0,0,45.87,0.0,0,0,0,1
C104829,2,66,12,South,web,Basic,4,3.86,0.005,0,0.188,0,0,1,15.44,0.0,0,0,0,1
C104830,10,22,17,Center,app,Plus,8,14.1,0.106,0,0.08,0,0,0,112.8,0.0,0,0,0,0
C104831,10,40,68,East,web,Basic,3,13.69,0.0,0,0.0,0,1,0,41.07,0.0,0,0,0,1
C104833,10,34,10,East,web,Plus,4,16.74,0.191,1,0.127,0,1,1,66.96,0.1,0,0,0,0
C104836,13,45,70,West,app,Basic,5,10.77,0.4,0,0.207,0,0,0,53.849999999999994,0.0,0,1,0,1
C104838,6,33,1,West,app,Premium,5,14.89,0.32,0,0.091,0,0,1,74.45,0.0,0,0,1,0
C104845,3,39,29,Center,app,Premium,3,15.63,0.125,1,0.167,0,0,0,46.89,0.034482758620689655,0,0,0,1
C104848,12,36,40,Center,app,Basic,4,10.18,0.244,0,0.0,0,0,1,40.72,0.0,0,0,0,1
C104849,12,50,64,North,app,Plus,6,14.44,0.049,0,0.043,0,0,0,86.64,0.0,0,0,0,0
C104850,4,53,26,West,store,Plus,8,5.21,0.255,0,0.101,1,0,0,41.68,0.0,1,0,0,1
C104851,5,30,54,Center,web,Basic,5,14.32,0.286,0,0.134,0,0,0,71.6,0.0,0,0,0,0
C104854,7,22,47,West,app,Premium,3,9.82,0.342,0,0.041,0,1,0,29.46,0.0,0,0,0,1
C104857,3,32,56,South,app,Basic,7,4.55,0.102,0,0.038,0,0,0,31.849999999999998,0.0,0,0,0,1
C104858,9,41,47,South,app,Premium,5,9.67,0.0,0,0.007,1,1,0,48.35,0.0,1,0,0,1
C104860,11,18,64,North,store,Basic,5,15.69,0.065,0,0.031,0,0,1,78.45,0.0,0,0,0,0
C104862,7,20,70,West,store,Basic,3,10.3,0.35,0,0.249,0,1,0,30.900000000000002,0.0,0,1,0,1
C104864,3,34,65,West,app,Basic,4,12.31,0.154,0,0.0,0,0,0,49.24,0.0,0,0,0,1
C104868,11,23,68,North,app,Premium,5,21.48,0.035,0,0.264,0,1,0,107.4,0.0,0,1,0,0
C104869,10,54,41,Center,store,Basic,5,13.01,0.165,0,0.003,1,1,0,65.05,0.0,1,0,0,0
C104870,2,58,15,South,app,Plus,3,16.41,0.204,0,0.089,0,1,0,49.230000000000004,0.0,0,0,0,1
C104871,6,25,22,West,web,Plus,7,4.42,0.231,0,0.049,0,1,0,30.939999999999998,0.0,0,0,0,1
C104872,7,74,58,North,web,Premium,7,13.35,0.323,0,0.068,0,0,0,93.45,0.0,0,0,0,0
C104874,3,65,31,North,web,Premium,5,18.65,0.401,0,0.16,0,0,0,93.25,0.0,0,0,0,0
C104875,5,50,12,North,app,Basic,3,15.1,0.294,1,0.086,0,0,0,45.3,0.08333333333333333,0,0,0,1
C104878,8,36,2,South,web,Plus,5,13.66,0.069,1,0.257,0,0,0,68.3,0.5,0,1,1,0
C104881,4,62,61,Center,app,Plus,6,7.0,0.109,0,0.208,0,0,0,42.0,0.0,0,1,0,1
C104882,12,56,41,West,app,Basic,3,14.86,0.099,0,0.135,0,0,1,44.58,0.0,0,0,0,1
C104885,9,65,21,Center,app,Plus,3,1.33,0.339,1,0.181,0,1,0,3.99,0.047619047619047616,0,0,0,1
C104887,6,49,24,South,app,Basic,1,13.7,0.077,1,0.047,0,0,1,13.7,0.041666666666666664,0,0,0,1
C104889,13,56,14,South,web,Basic,3,5.29,0.104,0,0.001,0,0,0,15.870000000000001,0.0,0,0,0,1
C104891,8,27,39,Center,app,Premium,5,16.85,0.242,0,0.073,1,1,1,84.25,0.0,1,0,0,0
C104892,10,33,1,West,app,Plus,7,12.48,0.045,0,0.031,0,0,0,87.36,0.0,0,0,1,0
C104895,3,57,54,Center,app,Basic,4,16.12,0.06,1,0.2,1,0,0,64.48,0.018518518518518517,1,1,0,0
C104896,4,52,29,West,app,Plus,8,15.69,0.154,0,0.135,1,0,0,125.52,0.0,1,0,0,0
C104897,12,63,32,North,web,Basic,1,22.6,0.276,0,0.0,0,1,0,22.6,0.0,0,0,0,1
C104898,8,30,7,East,web,Basic,3,8.64,0.234,1,0.043,0,1,0,25.92,0.14285714285714285,0,0,0,1
C104899,13,63,12,Center,store,Plus,8,10.82,0.193,0,0.096,0,0,0,86.56,0.0,0,0,0,0
C104901,5,30,60,South,web,Basic,6,9.58,0.191,1,0.118,0,0,0,57.480000000000004,0.016666666666666666,0,0,0,0
C104902,10,70,31,North,app,Basic,5,13.37,0.156,0,0.148,1,1,1,66.85,0.0,1,0,0,0
C104903,3,65,64,North,app,Basic,8,9.73,0.218,2,0.0,0,0,0,77.84,0.03125,0,0,0,0
C104905,11,50,55,South,web,Premium,2,13.66,0.083,0,0.012,0,0,0,27.32,0.0,0,0,0,1
C104906,1,72,56,Center,store,Premium,2,11.48,0.153,0,0.029,0,1,0,22.96,0.0,0,0,0,1
C104910,11,51,66,Center,web,Plus,3,14.86,0.094,0,0.087,0,1,0,44.58,0.0,0,0,0,1
C104911,6,41,42,North,app,Basic,6,11.54,0.041,0,0.37,0,0,0,69.24,0.0,0,1,0,0
C104912,4,70,49,North,store,Premium,4,3.4,0.011,1,0.209,0,0,0,13.6,0.02040816326530612,0,1,0,1
C104914,4,70,59,West,web,Basic,4,10.73,0.111,0,0.154,1,0,0,42.92,0.0,1,0,0,1
C104917,5,64,30,Center,web,Plus,5,11.32,0.21,0,0.016,0,0,0,56.6,0.0,0,0,0,0
C104918,10,36,54,North,web,Basic,5,22.96,0.256,0,0.071,0,0,0,114.80000000000001,0.0,0,0,0,0
C104919,4,39,5,East,web,Plus,5,14.63,0.076,0,0.078,0,1,0,73.15,0.0,0,0,1,0
C104920,3,51,18,East,web,Premium,4,15.06,0.186,2,0.125,0,0,1,60.24,0.1111111111111111,0,0,0,0
C104922,1,68,71,Center,web,Basic,6,20.28,0.44,0,0.0,0,1,0,121.68,0.0,0,0,0,0
C104924,3,52,53,East,web,Plus,5,7.83,0.235,0,0.086,0,0,0,39.15,0.0,0,0,0,1
C104925,7,61,58,West,app,Plus,3,13.71,0.238,0,0.274,0,0,0,41.13,0.0,0,1,0,1
C104926,6,43,19,Center,web,Plus,6,13.49,0.083,0,0.045,1,1,0,80.94,0.0,1,0,0,0
C104929,12,27,34,North,app,Basic,7,21.35,0.322,0,0.089,0,0,0,149.45000000000002,0.0,0,0,0,0
C104932,3,39,16,Center,web,Plus,2,8.23,0.136,1,0.0,0,0,0,16.46,0.0625,0,0,0,1
C104933,12,57,19,North,store,Plus,4,6.72,0.052,1,0.042,0,1,1,26.88,0.05263157894736842,0,0,0,1
C104935,11,20,55,East,app,Premium,6,15.46,0.135,1,0.101,0,1,0,92.76,0.01818181818181818,0,0,0,0
C104940,1,45,21,West,app,Basic,4,13.34,0.0,0,0.0,0,0,0,53.36,0.0,0,0,0,1
C104943,8,19,71,South,web,Basic,3,14.96,0.224,0,0.095,0,0,1,44.88,0.0,0,0,0,1
C104944,2,28,59,East,app,Premium,3,10.71,0.17,1,0.119,0,0,0,32.13,0.01694915254237288,0,0,0,1
C104945,10,62,6,West,app,Plus,7,7.64,0.141,0,0.196,0,0,0,53.48,0.0,0,0,0,1
C104946,2,35,49,North,app,Plus,7,13.04,0.149,0,0.229,0,0,0,91.28,0.0,0,1,0,0
C104949,4,47,8,South,store,Basic,6,15.32,0.251,0,0.0,1,1,0,91.92,0.0,1,0,0,0
C104950,3,43,66,Center,web,Basic,5,13.72,0.459,0,0.0,0,1,0,68.60000000000001,0.0,0,0,0,0
C104952,2,37,69,North,web,Plus,6,9.45,0.161,0,0.191,0,0,0,56.699999999999996,0.0,0,0,0,0
C104953,6,52,70,East,web,Basic,2,16.05,0.0,0,0.049,0,0,0,32.1,0.0,0,0,0,1
C104955,6,40,70,South,web,Basic,5,8.57,0.008,0,0.0,0,0,1,42.85,0.0,0,0,0,1
C104960,3,58,42,North,app,Plus,2,10.49,0.118,0,0.139,1,0,0,20.98,0.0,1,0,0,1
C104962,1,34,25,North,web,Premium,3,6.9,0.069,0,0.114,0,0,0,20.700000000000003,0.0,0,0,0,1
C104964,2,42,5,South,app,Premium,7,9.86,0.0,0,0.021,0,0,0,69.02,0.0,0,0,1,0
C104965,6,21,56,Center,web,Basic,4,16.31,0.04,1,0.068,0,1,0,65.24,0.017857142857142856,0,0,0,0
C104966,7,35,66,West,app,Plus,6,7.52,0.286,0,0.069,0,0,0,45.12,0.0,0,0,0,1
C104969,1,71,16,South,app,Premium,4,13.32,0.089,1,0.109,1,1,1,53.28,0.0625,1,0,0,1
C104970,1,19,65,East,store,Plus,8,12.81,0.389,0,0.0,0,1,0,102.48,0.0,0,0,0,0
C104971,2,54,35,West,store,Premium,2,20.45,0.304,1,0.0,0,0,0,40.9,0.02857142857142857,0,0,0,1
C104973,3,70,51,Center,web,Basic,7,16.31,0.093,0,0.0,2,0,0,114.16999999999999,0.0,1,0,0,0
C104975,1,58,45,South,web,Basic,5,7.77,0.088,0,0.116,0,0,0,38.849999999999994,0.0,0,0,0,1
C104978,12,66,17,Center,app,Plus,1,10.57,0.077,0,0.14,0,1,1,10.57,0.0,0,0,0,1
C104979,7,41,53,West,web,Plus,3,12.67,0.198,1,0.031,0,1,1,38.01,0.018867924528301886,0,0,0,1
C104980,10,63,42,South,web,Basic,3,22.02,0.161,0,0.139,1,1,0,66.06,0.0,1,0,0,0
C104981,10,38,10,Center,store,Premium,6,10.45,0.156,0,0.0,0,0,1,62.699999999999996,0.0,0,0,0,0
C104985,12,30,3,Center,app,Plus,3,7.73,0.171,0,0.004,0,0,1,23.19,0.0,0,0,1,1
C104987,13,42,45,Center,web,Plus,3,14.88,0.247,1,0.063,0,0,0,44.64,0.022222222222222223,0,0,0,1
C104989,10,46,31,East,web,Basic,3,11.41,0.053,1,0.206,0,0,1,34.230000000000004,0.03225806451612903,0,1,0,1
C104990,2,18,23,Center,app,Basic,7,13.07,0.354,1,0.099,0,0,0,91.49000000000001,0.043478260869565216,0,0,0,0
C104993,8,40,69,West,app,Basic,8,19.57,0.034,0,0.172,0,0,0,156.56,0.0,0,0,0,0
C104998,4,29,25,Center,web,Basic,5,9.31,0.235,0,0.098,0,1,1,46.550000000000004,0.0,0,0,0,1
C104999,1,64,30,East,app,Plus,5,19.59,0.257,0,0.088,0,1,0,97.95,0.0,0,0,0,0
